Bill_ID,Patient_ID,Department,Treatment,Admission_Type,Room_Type,Stay_Days,Room_Rates,Room_Charges,Medicine_Cost,Test_Cost,Treatment_Charges,Total_Bill
B0001,P0366,Cardiology,Blood_Test,Planned,Semi_Private,10,2500.0,25000.0,8544.0,3182,700.0,37426.0
B0002,P0383,Pediatrics,Ultrasound,Emergency,General_Ward,3,1200.0,3600.0,7265.0,10443,1800.0,23108.0
B0003,P0323,Pediatrics,Vaccination,Emergency,General_Ward,10,1200.0,12000.0,9902.0,2766,600.0,25268.0
B0004,P0477,General_Medicine,Blood_Test,Planned,Private,14,4500.0,63000.0,7379.0,12164,700.0,83243.0
B0005,P0099,Cardiology,X_Ray,Emergency,Semi_Private,12,2500.0,30000.0,3778.0,3976,1200.0,38954.0
B0006,P0231,ENT,Ultrasound,Emergency,General_Ward,8,1200.0,9600.0,1848.0,8509,1800.0,21757.0
B0007,P0018,Pediatrics,MRI_scan,Planned,Semi_Private,14,2500.0,35000.0,2383.0,14673,6000.0,58056.0
B0008,P0084,Pediatrics,Ultrasound,Planned,General_Ward,3,0.0,0.0,8641.0,10073,1800.0,20514.0
B0009,P0107,ENT,X_Ray,Emergency,General_Ward,2,1200.0,2400.0,7941.0,6246,1200.0,17787.0
B0010,P0124,Pediatrics,Blood_Test,Planned,Private,1,4500.0,4500.0,8605.0,3528,700.0,17333.0
B0011,P0058,Pulmonology,CT_Scan,Planned,Private,4,4500.0,18000.0,5326.0,2028,4500.0,29854.0
B0012,P0215,Dermatology,Ultrasound,Referral,General_Ward,9,1200.0,10800.0,5737.0,3255,1800.0,21592.0
B0013,P0226,Pulmonology,Blood_Test,Planned,Private,4,4500.0,18000.0,880.0,7861,700.0,27441.0
B0014,P0097,Cardiology,MRI_scan,Planned,Semi_Private,11,2500.0,27500.0,7418.0,5022,6000.0,45940.0
B0015,P0114,Pediatrics,Consultation,Planned,Private,11,4500.0,49500.0,2750.0,7698,1000.0,60948.0
B0016,P0127,Neurology,MRI_scan,Emergency,General_Ward,3,1200.0,3600.0,6371.0,9686,6000.0,25657.0
B0017,P0048,ENT,Physiotherapy,Referral,Semi_Private,11,2500.0,27500.0,2627.0,13601,1500.0,45228.0
B0018,P0074,Neurology,Consultation,Planned,General_Ward,5,1200.0,6000.0,5998.0,8040,1000.0,21038.0
B0019,P0033,Pediatrics,Blood_Test,Referral,Private,3,4500.0,13500.0,9257.0,7521,700.0,30978.0
B0020,P0431,Orthopedics,Consultation,Planned,Semi_Private,6,2500.0,15000.0,4287.0,12995,1000.0,33282.0
B0021,P0225,Pulmonology,ECG,Planned,General_Ward,3,1200.0,3600.0,5831.0,2049,800.0,12280.0
B0022,P0112,Dermatology,MRI_scan,Planned,ICU,9,10000.0,90000.0,9421.0,8825,6000.0,114246.0
B0023,P0410,Cardiology,Physiotherapy,Referral,General_Ward,3,1200.0,3600.0,741.0,7645,1500.0,13486.0
B0024,P0340,Dermatology,Blood_Test,Planned,Private,11,4500.0,49500.0,0.0,5421,700.0,55621.0
B0025,P0335,Dermatology,Consultation,Emergency,Private,4,4500.0,18000.0,7676.0,3808,1000.0,30484.0
B0026,P0254,General_Medicine,Vaccination,Referral,General_Ward,1,1200.0,1200.0,3842.0,3945,600.0,9587.0
B0027,P0421,Dermatology,Blood_Test,Planned,Semi_Private,6,2500.0,15000.0,3341.0,2576,700.0,21617.0
B0028,P0097,Pulmonology,CT_Scan,Planned,ICU,13,10000.0,130000.0,8457.0,14633,4500.0,157590.0
B0029,P0209,Orthopedics,Vaccination,Planned,Semi_Private,13,2500.0,32500.0,8096.0,14491,600.0,55687.0
B0030,P0069,Pulmonology,Vaccination,Planned,Private,1,4500.0,4500.0,9405.0,6896,600.0,21401.0
B0031,P0306,Neurology,Ultrasound,Planned,General_Ward,9,1200.0,10800.0,1035.0,5168,1800.0,18803.0
B0032,P0312,Cardiology,Consultation,Referral,General_Ward,2,1200.0,2400.0,4851.0,13580,1000.0,21831.0
B0033,P0452,General_Medicine,X_Ray,Emergency,Semi_Private,9,2500.0,22500.0,9427.0,8887,1200.0,42014.0
B0034,P0003,Neurology,MRI_scan,Planned,Private,4,4500.0,18000.0,7897.0,1929,6000.0,33826.0
B0035,P0341,Pediatrics,MRI_scan,Planned,General_Ward,15,1200.0,18000.0,2725.0,13280,6000.0,40005.0
B0036,P0040,Pediatrics,Blood_Test,Planned,ICU,13,10000.0,130000.0,7238.0,4550,700.0,142488.0
B0037,P0323,Pulmonology,Vaccination,Planned,Semi_Private,12,2500.0,30000.0,6126.0,8111,600.0,44837.0
B0038,P0085,General_Medicine,Physiotherapy,Planned,Private,6,4500.0,27000.0,7975.0,8296,1500.0,44771.0
B0039,P0048,Cardiology,ECG,Planned,Private,3,4500.0,13500.0,8876.0,7558,800.0,30734.0
B0040,P0446,General_Medicine,Ultrasound,Planned,ICU,9,10000.0,90000.0,2978.0,14678,1800.0,109456.0
B0041,P0177,General_Medicine,MRI_scan,Planned,General_Ward,9,1200.0,10800.0,3060.0,10711,6000.0,30571.0
B0042,P0136,Orthopedics,Consultation,Referral,General_Ward,6,1200.0,7200.0,1444.0,14092,1000.0,23736.0
B0043,P0362,Pediatrics,MRI_scan,Emergency,General_Ward,10,1200.0,12000.0,9553.0,10215,6000.0,37768.0
B0044,P0100,Pediatrics,Ultrasound,Planned,Private,6,4500.0,27000.0,3933.0,7718,1800.0,40451.0
B0045,P0381,Neurology,ECG,Referral,General_Ward,14,1200.0,16800.0,2194.0,10050,800.0,29844.0
B0046,P0349,Orthopedics,X_Ray,Emergency,General_Ward,1,1200.0,1200.0,5457.0,14010,1200.0,21867.0
B0047,P0181,Pediatrics,Blood_Test,Planned,General_Ward,15,1200.0,18000.0,8042.0,5197,700.0,31939.0
B0048,P0359,Orthopedics,CT_Scan,Planned,General_Ward,4,1200.0,4800.0,4105.0,6844,4500.0,20249.0
B0049,P0354,Cardiology,CT_Scan,Emergency,Semi_Private,3,2500.0,7500.0,9607.0,1811,4500.0,23418.0
B0050,P0214,Orthopedics,X_Ray,Referral,Private,4,4500.0,18000.0,8681.0,4846,1200.0,32727.0
B0051,P0119,Pediatrics,Minor_Surgery,Planned,General_Ward,12,1200.0,14400.0,6705.0,14486,12000.0,47591.0
B0052,P0351,Pulmonology,CT_Scan,Emergency,Semi_Private,2,2500.0,5000.0,6759.0,1081,4500.0,17340.0
B0053,P0412,Dermatology,Vaccination,Referral,General_Ward,10,0.0,0.0,8436.0,2551,600.0,11587.0
B0054,P0291,Pulmonology,Physiotherapy,Planned,General_Ward,4,1200.0,4800.0,5099.0,6548,1500.0,17947.0
B0055,P0482,General_Medicine,X_Ray,Emergency,Private,2,4500.0,9000.0,4187.0,10619,1200.0,25006.0
B0056,P0077,Cardiology,Blood_Test,Planned,Private,11,4500.0,49500.0,4667.0,1401,700.0,56268.0
B0057,P0169,Dermatology,Ultrasound,Emergency,General_Ward,11,1200.0,13200.0,8640.0,558,1800.0,24198.0
B0058,P0388,Cardiology,Vaccination,Planned,Private,5,4500.0,22500.0,5610.0,3480,600.0,32190.0
B0059,P0107,Pediatrics,X_Ray,Planned,Private,8,4500.0,36000.0,1352.0,13812,1200.0,52364.0
B0060,P0326,ENT,Minor_Surgery,Planned,Semi_Private,4,2500.0,10000.0,9639.0,9696,12000.0,41335.0
B0061,P0065,Dermatology,CT_Scan,Planned,General_Ward,2,1200.0,2400.0,1026.0,13065,4500.0,20991.0
B0062,P0332,Orthopedics,ECG,Planned,General_Ward,14,1200.0,16800.0,6973.0,10868,800.0,35441.0
B0063,P0419,Dermatology,Blood_Test,Emergency,General_Ward,5,1200.0,6000.0,8857.0,8366,700.0,23923.0
B0064,P0315,General_Medicine,CT_Scan,Planned,Private,3,4500.0,13500.0,9087.0,10911,4500.0,37998.0
B0065,P0395,Pulmonology,CT_Scan,Planned,Semi_Private,13,2500.0,32500.0,8243.0,11542,4500.0,56785.0
B0066,P0279,Pediatrics,CT_Scan,Planned,Private,14,4500.0,63000.0,7706.0,2812,4500.0,78018.0
B0067,P0206,Cardiology,Blood_Test,Planned,General_Ward,7,1200.0,8400.0,2525.0,3955,700.0,15580.0
B0068,P0147,Cardiology,Blood_Test,Planned,General_Ward,13,1200.0,15600.0,5530.0,7348,700.0,29178.0
B0069,P0485,Cardiology,Vaccination,Emergency,General_Ward,15,1200.0,18000.0,1890.0,8224,600.0,28714.0
B0070,P0272,Cardiology,CT_Scan,Emergency,Private,10,4500.0,45000.0,4625.0,10953,4500.0,65078.0
B0071,P0492,ENT,Vaccination,Planned,Semi_Private,2,2500.0,5000.0,9101.0,729,600.0,15430.0
B0072,P0412,Pulmonology,Ultrasound,Emergency,General_Ward,6,1200.0,7200.0,1255.0,14809,1800.0,25064.0
B0073,P0254,Cardiology,Blood_Test,Planned,ICU,11,10000.0,110000.0,4367.0,11007,700.0,126074.0
B0074,P0493,Orthopedics,Ultrasound,Emergency,Semi_Private,6,2500.0,15000.0,0.0,8367,1800.0,25167.0
B0075,P0159,General_Medicine,Consultation,Emergency,Private,8,4500.0,36000.0,7722.0,6955,1000.0,51677.0
B0076,P0181,Orthopedics,X_Ray,Planned,General_Ward,9,1200.0,10800.0,1741.0,5674,1200.0,19415.0
B0077,P0071,Dermatology,CT_Scan,Planned,General_Ward,5,1200.0,6000.0,1008.0,7663,4500.0,19171.0
B0078,P0366,General_Medicine,Vaccination,Planned,General_Ward,11,1200.0,13200.0,9601.0,12457,600.0,35858.0
B0079,P0372,Orthopedics,X_Ray,Planned,General_Ward,11,1200.0,13200.0,5907.0,14983,1200.0,35290.0
B0080,P0155,Pediatrics,Vaccination,Referral,General_Ward,11,1200.0,13200.0,8802.0,9751,600.0,32353.0
B0081,P0209,Cardiology,Minor_Surgery,Planned,Semi_Private,8,2500.0,20000.0,8852.0,9012,12000.0,49864.0
B0082,P0391,ENT,CT_Scan,Referral,ICU,14,10000.0,140000.0,6607.0,1927,4500.0,153034.0
B0083,P0271,Pulmonology,Consultation,Emergency,General_Ward,6,1200.0,7200.0,9328.0,4872,1000.0,22400.0
B0084,P0256,Pulmonology,MRI_scan,Emergency,Private,5,4500.0,22500.0,6153.0,12481,6000.0,47134.0
B0085,P0245,Pediatrics,ECG,Emergency,General_Ward,3,1200.0,3600.0,7684.0,7986,800.0,20070.0
B0086,P0360,ENT,MRI_scan,Referral,Semi_Private,4,2500.0,10000.0,5465.0,339,6000.0,21804.0
B0087,P0460,Pulmonology,Ultrasound,Emergency,Semi_Private,2,2500.0,5000.0,5426.0,6062,1800.0,18288.0
B0088,P0439,General_Medicine,Consultation,Referral,Private,10,4500.0,45000.0,9481.0,12951,1000.0,68432.0
B0089,P0456,Pulmonology,Blood_Test,Referral,Semi_Private,2,2500.0,5000.0,3866.0,14678,700.0,24244.0
B0090,P0130,General_Medicine,MRI_scan,Planned,General_Ward,8,1200.0,9600.0,7113.0,6917,6000.0,29630.0
B0091,P0044,Neurology,CT_Scan,Planned,General_Ward,12,1200.0,14400.0,561.0,829,4500.0,20290.0
B0092,P0187,Pulmonology,Ultrasound,Planned,General_Ward,13,1200.0,15600.0,3149.0,8603,1800.0,29152.0
B0093,P0358,Cardiology,ECG,Planned,Semi_Private,10,2500.0,25000.0,8927.0,4609,800.0,39336.0
B0094,P0184,Cardiology,Vaccination,Planned,General_Ward,5,1200.0,6000.0,9031.0,6869,600.0,22500.0
B0095,P0026,Pulmonology,X_Ray,Referral,General_Ward,7,1200.0,8400.0,1375.0,3100,1200.0,14075.0
B0096,P0435,General_Medicine,Ultrasound,Emergency,Semi_Private,14,2500.0,35000.0,4050.0,3304,1800.0,44154.0
B0097,P0469,Neurology,MRI_scan,Emergency,General_Ward,10,1200.0,12000.0,4707.0,14930,6000.0,37637.0
B0098,P0313,Pulmonology,Consultation,Planned,ICU,13,10000.0,130000.0,3078.0,2771,1000.0,136849.0
B0099,P0306,ENT,Vaccination,Planned,Semi_Private,13,2500.0,32500.0,0.0,4671,600.0,37771.0
B0100,P0269,ENT,Vaccination,Planned,General_Ward,13,1200.0,15600.0,3905.0,5237,600.0,25342.0
B0101,P0019,Cardiology,Ultrasound,Emergency,Semi_Private,14,2500.0,35000.0,1059.0,1498,1800.0,39357.0
B0102,P0466,Cardiology,ECG,Planned,General_Ward,8,1200.0,9600.0,2415.0,11969,800.0,24784.0
B0103,P0002,Pediatrics,Minor_Surgery,Planned,Private,14,4500.0,63000.0,638.0,1212,12000.0,76850.0
B0104,P0052,Orthopedics,Blood_Test,Emergency,Semi_Private,11,2500.0,27500.0,9318.0,3699,700.0,41217.0
B0105,P0429,Neurology,Vaccination,Emergency,General_Ward,8,1200.0,9600.0,1633.0,6547,600.0,18380.0
B0106,P0374,Pulmonology,MRI_scan,Referral,Semi_Private,10,2500.0,25000.0,5843.0,5722,6000.0,42565.0
B0107,P0234,Dermatology,Ultrasound,Planned,General_Ward,1,1200.0,1200.0,4418.0,2158,1800.0,9576.0
B0108,P0305,General_Medicine,CT_Scan,Referral,General_Ward,8,1200.0,9600.0,5571.0,3804,4500.0,23475.0
B0109,P0057,Orthopedics,Physiotherapy,Planned,General_Ward,12,1200.0,14400.0,5708.0,12345,1500.0,33953.0
B0110,P0476,Pediatrics,Blood_Test,Planned,General_Ward,11,1200.0,13200.0,8627.0,11878,700.0,34405.0
B0111,P0434,Pulmonology,Minor_Surgery,Planned,Private,13,4500.0,58500.0,9128.0,12069,12000.0,91697.0
B0112,P0343,General_Medicine,Physiotherapy,Emergency,General_Ward,10,1200.0,12000.0,8094.0,11579,1500.0,33173.0
B0113,P0004,General_Medicine,Ultrasound,Planned,General_Ward,9,1200.0,10800.0,9122.0,11524,1800.0,33246.0
B0114,P0068,Pediatrics,X_Ray,Planned,General_Ward,4,1200.0,4800.0,8317.0,2495,1200.0,16812.0
B0115,P0140,Dermatology,CT_Scan,Emergency,Private,8,4500.0,36000.0,1168.0,8373,4500.0,50041.0
B0116,P0150,Dermatology,Ultrasound,Planned,General_Ward,13,1200.0,15600.0,7314.0,10110,1800.0,34824.0
B0117,P0474,Cardiology,Minor_Surgery,Planned,ICU,8,10000.0,80000.0,9486.0,8980,12000.0,110466.0
B0118,P0104,Dermatology,Blood_Test,Emergency,ICU,13,10000.0,130000.0,6957.0,5484,700.0,143141.0
B0119,P0490,ENT,Consultation,Emergency,Semi_Private,12,2500.0,30000.0,2022.0,10120,1000.0,43142.0
B0120,P0355,Cardiology,CT_Scan,Referral,Semi_Private,15,2500.0,37500.0,7408.0,6778,4500.0,56186.0
B0121,P0004,Orthopedics,Vaccination,Emergency,Semi_Private,7,2500.0,17500.0,1106.0,2331,600.0,21537.0
B0122,P0396,Dermatology,Vaccination,Planned,Semi_Private,12,2500.0,30000.0,9007.0,3171,600.0,42778.0
B0123,P0260,Neurology,X_Ray,Referral,Private,9,4500.0,40500.0,645.0,8023,1200.0,50368.0
B0124,P0244,Cardiology,ECG,Emergency,General_Ward,9,1200.0,10800.0,7810.0,12179,800.0,31589.0
B0125,P0223,Neurology,ECG,Planned,Semi_Private,13,2500.0,32500.0,1412.0,2709,800.0,37421.0
B0126,P0263,General_Medicine,MRI_scan,Planned,General_Ward,15,1200.0,18000.0,9254.0,2225,6000.0,35479.0
B0127,P0266,Pediatrics,CT_Scan,Emergency,General_Ward,10,1200.0,12000.0,7685.0,11876,4500.0,36061.0
B0128,P0088,Orthopedics,Vaccination,Planned,General_Ward,6,1200.0,7200.0,2161.0,7813,600.0,17774.0
B0129,P0015,Pulmonology,CT_Scan,Emergency,Private,4,4500.0,18000.0,1315.0,6388,4500.0,30203.0
B0130,P0487,Pulmonology,X_Ray,Planned,ICU,13,10000.0,130000.0,5669.0,1776,1200.0,138645.0
B0131,P0468,Cardiology,Blood_Test,Planned,General_Ward,14,1200.0,16800.0,9920.0,2750,700.0,30170.0
B0132,P0378,ENT,Minor_Surgery,Referral,Private,13,4500.0,58500.0,5420.0,10683,12000.0,86603.0
B0133,P0199,Orthopedics,X_Ray,Planned,General_Ward,6,0.0,0.0,9311.0,14132,1200.0,24643.0
B0134,P0141,Neurology,Ultrasound,Planned,Semi_Private,14,2500.0,35000.0,3394.0,13254,1800.0,53448.0
B0135,P0439,Dermatology,CT_Scan,Referral,General_Ward,12,1200.0,14400.0,2221.0,9555,4500.0,30676.0
B0136,P0028,Pulmonology,Vaccination,Planned,General_Ward,4,1200.0,4800.0,1121.0,14789,600.0,21310.0
B0137,P0295,Dermatology,CT_Scan,Planned,General_Ward,12,1200.0,14400.0,5433.0,398,4500.0,24731.0
B0138,P0402,Pediatrics,Ultrasound,Planned,General_Ward,10,1200.0,12000.0,4821.0,12568,1800.0,31189.0
B0139,P0446,ENT,Vaccination,Emergency,Private,3,4500.0,13500.0,8479.0,14560,600.0,37139.0
B0140,P0367,Neurology,Consultation,Planned,Semi_Private,6,2500.0,15000.0,4510.0,1630,1000.0,22140.0
B0141,P0331,Pulmonology,ECG,Planned,General_Ward,9,1200.0,10800.0,9834.0,10019,800.0,31453.0
B0142,P0356,Orthopedics,Consultation,Planned,Semi_Private,12,2500.0,30000.0,9892.0,10261,1000.0,51153.0
B0143,P0117,ENT,X_Ray,Planned,Private,6,4500.0,27000.0,2330.0,3579,1200.0,34109.0
B0144,P0100,Pulmonology,Ultrasound,Emergency,Semi_Private,2,2500.0,5000.0,2965.0,13545,1800.0,23310.0
B0145,P0194,General_Medicine,X_Ray,Planned,Private,1,4500.0,4500.0,3521.0,2547,1200.0,11768.0
B0146,P0304,Dermatology,Blood_Test,Referral,General_Ward,8,1200.0,9600.0,6061.0,8460,700.0,24821.0
B0147,P0494,General_Medicine,X_Ray,Planned,Private,14,4500.0,63000.0,9289.0,13914,1200.0,87403.0
B0148,P0017,Neurology,Ultrasound,Emergency,General_Ward,12,1200.0,14400.0,6200.0,4818,1800.0,27218.0
B0149,P0134,Pediatrics,Blood_Test,Planned,General_Ward,11,1200.0,13200.0,3851.0,5882,700.0,23633.0
B0150,P0361,Pulmonology,Vaccination,Planned,Private,6,4500.0,27000.0,1961.0,13428,600.0,42989.0
B0151,P0110,Neurology,Minor_Surgery,Referral,Semi_Private,15,2500.0,37500.0,8020.0,5117,12000.0,62637.0
B0152,P0087,Pulmonology,Vaccination,Emergency,Private,14,4500.0,63000.0,5912.0,11628,600.0,81140.0
B0153,P0047,Cardiology,ECG,Emergency,General_Ward,1,1200.0,1200.0,8297.0,7621,800.0,17918.0
B0154,P0272,Pediatrics,Blood_Test,Planned,Private,7,4500.0,31500.0,4808.0,10013,700.0,47021.0
B0155,P0316,Pediatrics,Physiotherapy,Planned,General_Ward,3,1200.0,3600.0,9881.0,14611,1500.0,29592.0
B0156,P0297,Neurology,CT_Scan,Planned,General_Ward,7,1200.0,8400.0,5986.0,13594,4500.0,32480.0
B0157,P0410,Pediatrics,Ultrasound,Planned,Private,3,4500.0,13500.0,8096.0,10140,1800.0,33536.0
B0158,P0302,General_Medicine,MRI_scan,Planned,Semi_Private,15,2500.0,37500.0,4675.0,13419,6000.0,61594.0
B0159,P0434,Orthopedics,Minor_Surgery,Planned,General_Ward,14,1200.0,16800.0,663.0,13547,12000.0,43010.0
B0160,P0257,General_Medicine,Consultation,Planned,Private,10,4500.0,45000.0,527.0,3834,1000.0,50361.0
B0161,P0420,Pediatrics,X_Ray,Emergency,General_Ward,3,1200.0,3600.0,2428.0,9391,1200.0,16619.0
B0162,P0414,Orthopedics,ECG,Planned,General_Ward,8,1200.0,9600.0,7235.0,5224,800.0,22859.0
B0163,P0386,Cardiology,Blood_Test,Referral,Private,1,4500.0,4500.0,3145.0,7332,700.0,15677.0
B0164,P0468,Neurology,CT_Scan,Emergency,Private,14,4500.0,63000.0,3011.0,10638,4500.0,81149.0
B0165,P0325,Dermatology,ECG,Planned,General_Ward,3,1200.0,3600.0,5756.0,5268,800.0,15424.0
B0166,P0415,Pulmonology,Ultrasound,Referral,General_Ward,11,1200.0,13200.0,3924.0,12408,1800.0,31332.0
B0167,P0392,Pediatrics,Minor_Surgery,Planned,Private,12,4500.0,54000.0,3456.0,13068,12000.0,82524.0
B0168,P0350,Neurology,Minor_Surgery,Referral,General_Ward,2,1200.0,2400.0,2452.0,9596,12000.0,26448.0
B0169,P0487,Dermatology,Consultation,Planned,Semi_Private,13,2500.0,32500.0,4248.0,4648,1000.0,42396.0
B0170,P0061,Orthopedics,ECG,Referral,Private,9,4500.0,40500.0,1338.0,5574,800.0,48212.0
B0171,P0322,Neurology,Blood_Test,Planned,General_Ward,2,1200.0,2400.0,7532.0,12031,700.0,22663.0
B0172,P0373,Pulmonology,Physiotherapy,Planned,Private,9,4500.0,40500.0,8947.0,13018,1500.0,63965.0
B0173,P0255,ENT,Physiotherapy,Planned,Semi_Private,4,2500.0,10000.0,4920.0,7430,1500.0,23850.0
B0174,P0461,Dermatology,X_Ray,Planned,General_Ward,10,1200.0,12000.0,9296.0,6702,1200.0,29198.0
B0175,P0324,Pediatrics,Blood_Test,Emergency,Semi_Private,12,2500.0,30000.0,2228.0,13594,700.0,46522.0
B0176,P0301,Pediatrics,CT_Scan,Planned,General_Ward,13,1200.0,15600.0,8556.0,9587,4500.0,38243.0
B0177,P0308,General_Medicine,Ultrasound,Planned,Private,2,4500.0,9000.0,8286.0,8698,1800.0,27784.0
B0178,P0136,ENT,Vaccination,Referral,Semi_Private,6,2500.0,15000.0,8774.0,3310,600.0,27684.0
B0179,P0487,Neurology,Consultation,Referral,Private,10,4500.0,45000.0,699.0,7586,1000.0,54285.0
B0180,P0089,Pulmonology,Blood_Test,Planned,Private,4,4500.0,18000.0,3962.0,2696,700.0,25358.0
B0181,P0455,Neurology,Ultrasound,Emergency,Semi_Private,15,2500.0,37500.0,1624.0,4616,1800.0,45540.0
B0182,P0142,General_Medicine,MRI_scan,Emergency,General_Ward,1,1200.0,1200.0,6880.0,7500,6000.0,21580.0
B0183,P0413,General_Medicine,Ultrasound,Planned,ICU,14,10000.0,140000.0,6193.0,3173,1800.0,151166.0
B0184,P0365,Pulmonology,ECG,Planned,General_Ward,12,1200.0,14400.0,2983.0,13268,800.0,31451.0
B0185,P0320,Dermatology,Consultation,Planned,Semi_Private,9,2500.0,22500.0,1697.0,2417,1000.0,27614.0
B0186,P0341,Neurology,Ultrasound,Emergency,General_Ward,12,1200.0,14400.0,6676.0,12297,1800.0,35173.0
B0187,P0421,Orthopedics,Ultrasound,Emergency,General_Ward,5,1200.0,6000.0,4419.0,4908,1800.0,17127.0
B0188,P0120,Orthopedics,ECG,Referral,General_Ward,11,1200.0,13200.0,6637.0,1137,800.0,21774.0
B0189,P0497,Cardiology,MRI_scan,Planned,Semi_Private,4,2500.0,10000.0,3172.0,8197,6000.0,27369.0
B0190,P0481,ENT,Physiotherapy,Planned,General_Ward,7,1200.0,8400.0,3108.0,10093,1500.0,23101.0
B0191,P0378,General_Medicine,X_Ray,Emergency,General_Ward,6,1200.0,7200.0,2061.0,10132,1200.0,20593.0
B0192,P0425,Orthopedics,Minor_Surgery,Planned,General_Ward,2,1200.0,2400.0,4505.0,8984,12000.0,27889.0
B0193,P0473,Pediatrics,ECG,Planned,General_Ward,4,1200.0,4800.0,7715.0,6623,800.0,19938.0
B0194,P0373,Pediatrics,MRI_scan,Emergency,Semi_Private,3,2500.0,7500.0,8487.0,7451,6000.0,29438.0
B0195,P0251,General_Medicine,Minor_Surgery,Emergency,Semi_Private,11,2500.0,27500.0,800.0,6997,12000.0,47297.0
B0196,P0448,Dermatology,Ultrasound,Planned,General_Ward,14,1200.0,16800.0,547.0,14769,1800.0,33916.0
B0197,P0059,Pediatrics,Consultation,Planned,Semi_Private,15,2500.0,37500.0,5375.0,8360,1000.0,52235.0
B0198,P0494,Cardiology,Minor_Surgery,Emergency,Private,5,4500.0,22500.0,5074.0,7057,12000.0,46631.0
B0199,P0078,Pediatrics,CT_Scan,Emergency,Semi_Private,9,2500.0,22500.0,1349.0,5450,4500.0,33799.0
B0200,P0009,ENT,MRI_scan,Emergency,Semi_Private,12,2500.0,30000.0,9555.0,4945,6000.0,50500.0
B0201,P0207,ENT,Ultrasound,Planned,General_Ward,7,1200.0,8400.0,8014.0,5852,1800.0,24066.0
B0202,P0391,Dermatology,Physiotherapy,Emergency,Semi_Private,1,2500.0,2500.0,7004.0,3924,1500.0,14928.0
B0203,P0066,Cardiology,MRI_scan,Planned,Private,15,4500.0,67500.0,2642.0,6418,6000.0,82560.0
B0204,P0223,Neurology,Blood_Test,Referral,General_Ward,13,1200.0,15600.0,5001.0,3833,700.0,25134.0
B0205,P0199,Pediatrics,Minor_Surgery,Emergency,General_Ward,6,1200.0,7200.0,0.0,13538,12000.0,32738.0
B0206,P0041,Pediatrics,MRI_scan,Planned,General_Ward,9,1200.0,10800.0,612.0,8242,6000.0,25654.0
B0207,P0376,Orthopedics,Ultrasound,Planned,Private,3,4500.0,13500.0,5951.0,11982,1800.0,33233.0
B0208,P0459,Neurology,X_Ray,Planned,General_Ward,8,1200.0,9600.0,5985.0,10919,1200.0,27704.0
B0209,P0077,ENT,CT_Scan,Planned,General_Ward,12,1200.0,14400.0,8274.0,5179,4500.0,32353.0
B0210,P0461,General_Medicine,Consultation,Referral,General_Ward,6,1200.0,7200.0,7930.0,12862,1000.0,28992.0
B0211,P0154,General_Medicine,MRI_scan,Planned,General_Ward,12,1200.0,14400.0,6874.0,8896,6000.0,36170.0
B0212,P0491,ENT,Physiotherapy,Emergency,Semi_Private,12,2500.0,30000.0,7419.0,10705,1500.0,49624.0
B0213,P0124,Cardiology,CT_Scan,Emergency,Private,15,4500.0,67500.0,7112.0,8411,4500.0,87523.0
B0214,P0498,Pediatrics,ECG,Emergency,Private,12,4500.0,54000.0,7648.0,8806,800.0,71254.0
B0215,P0136,Pediatrics,Minor_Surgery,Emergency,General_Ward,8,1200.0,9600.0,1193.0,2823,12000.0,25616.0
B0216,P0270,Dermatology,ECG,Emergency,General_Ward,2,1200.0,2400.0,7054.0,5511,800.0,15765.0
B0217,P0429,Pediatrics,X_Ray,Planned,General_Ward,14,1200.0,16800.0,4722.0,391,1200.0,23113.0
B0218,P0252,Orthopedics,Blood_Test,Planned,General_Ward,12,1200.0,14400.0,2176.0,4270,700.0,21546.0
B0219,P0258,General_Medicine,Physiotherapy,Planned,General_Ward,11,1200.0,13200.0,3100.0,13724,1500.0,31524.0
B0220,P0248,ENT,Physiotherapy,Planned,Private,2,4500.0,9000.0,7409.0,14721,1500.0,32630.0
B0221,P0170,Pulmonology,Physiotherapy,Emergency,Private,12,4500.0,54000.0,8932.0,11827,1500.0,76259.0
B0222,P0207,Pediatrics,MRI_scan,Emergency,Private,1,4500.0,4500.0,4470.0,6175,6000.0,21145.0
B0223,P0441,Neurology,Physiotherapy,Planned,Semi_Private,13,2500.0,32500.0,6270.0,2991,1500.0,43261.0
B0224,P0472,General_Medicine,CT_Scan,Referral,Semi_Private,1,2500.0,2500.0,9968.0,7215,4500.0,24183.0
B0225,P0064,Dermatology,X_Ray,Referral,General_Ward,2,1200.0,2400.0,853.0,899,1200.0,5352.0
B0226,P0482,Pulmonology,Vaccination,Planned,Semi_Private,4,2500.0,10000.0,5919.0,10234,600.0,26753.0
B0227,P0004,Dermatology,X_Ray,Planned,ICU,9,10000.0,90000.0,2357.0,14364,1200.0,107921.0
B0228,P0018,Neurology,Physiotherapy,Emergency,General_Ward,11,1200.0,13200.0,3540.0,12323,1500.0,30563.0
B0229,P0089,Neurology,Blood_Test,Referral,Semi_Private,3,2500.0,7500.0,6522.0,12242,700.0,26964.0
B0230,P0239,Dermatology,Minor_Surgery,Emergency,Private,11,4500.0,49500.0,1490.0,7273,12000.0,70263.0
B0231,P0216,Pulmonology,Physiotherapy,Emergency,ICU,11,10000.0,110000.0,1710.0,8679,1500.0,121889.0
B0232,P0198,Cardiology,Minor_Surgery,Emergency,Semi_Private,3,2500.0,7500.0,8782.0,2494,12000.0,30776.0
B0233,P0098,Cardiology,Blood_Test,Referral,Semi_Private,1,2500.0,2500.0,9665.0,13190,700.0,26055.0
B0234,P0051,Orthopedics,MRI_scan,Emergency,Semi_Private,15,2500.0,37500.0,1045.0,6394,6000.0,50939.0
B0235,P0358,Orthopedics,ECG,Referral,General_Ward,3,1200.0,3600.0,3405.0,5984,800.0,13789.0
B0236,P0131,ENT,CT_Scan,Planned,Semi_Private,11,2500.0,27500.0,818.0,7953,4500.0,40771.0
B0237,P0147,Dermatology,CT_Scan,Planned,General_Ward,3,1200.0,3600.0,7437.0,8501,4500.0,24038.0
B0238,P0303,Orthopedics,Minor_Surgery,Planned,General_Ward,8,1200.0,9600.0,7139.0,14186,12000.0,42925.0
B0239,P0046,Cardiology,X_Ray,Planned,General_Ward,2,1200.0,2400.0,3663.0,7943,1200.0,15206.0
B0240,P0442,Pulmonology,CT_Scan,Emergency,General_Ward,12,1200.0,14400.0,5206.0,12606,4500.0,36712.0
B0241,P0420,Pediatrics,X_Ray,Planned,Private,1,4500.0,4500.0,640.0,4782,1200.0,11122.0
B0242,P0019,General_Medicine,Blood_Test,Planned,General_Ward,10,1200.0,12000.0,4959.0,10962,700.0,28621.0
B0243,P0476,General_Medicine,Consultation,Emergency,General_Ward,1,1200.0,1200.0,3119.0,3914,1000.0,9233.0
B0244,P0175,Cardiology,X_Ray,Planned,Semi_Private,1,2500.0,2500.0,3537.0,2521,1200.0,9758.0
B0245,P0439,ENT,MRI_scan,Emergency,Private,6,4500.0,27000.0,1362.0,3936,6000.0,38298.0
B0246,P0074,Pulmonology,ECG,Referral,General_Ward,14,1200.0,16800.0,9971.0,3629,800.0,31200.0
B0247,P0466,Orthopedics,CT_Scan,Planned,Semi_Private,2,2500.0,5000.0,4585.0,12415,4500.0,26500.0
B0248,P0063,Orthopedics,Physiotherapy,Referral,Private,12,4500.0,54000.0,5593.0,14378,1500.0,75471.0
B0249,P0196,Pulmonology,Consultation,Emergency,Semi_Private,12,2500.0,30000.0,4260.0,2462,1000.0,37722.0
B0250,P0140,Dermatology,ECG,Planned,Semi_Private,5,2500.0,12500.0,8198.0,9441,800.0,30939.0
B0251,P0411,General_Medicine,X_Ray,Planned,Semi_Private,15,2500.0,37500.0,8771.0,12175,1200.0,59646.0
B0252,P0093,Pediatrics,Ultrasound,Emergency,Private,5,4500.0,22500.0,2567.0,9649,1800.0,36516.0
B0253,P0460,ENT,Minor_Surgery,Planned,Private,8,4500.0,36000.0,571.0,5357,12000.0,53928.0
B0254,P0395,Pediatrics,Consultation,Planned,Private,15,4500.0,67500.0,1416.0,9210,1000.0,79126.0
B0255,P0388,ENT,Physiotherapy,Planned,Semi_Private,11,2500.0,27500.0,9954.0,6700,1500.0,45654.0
B0256,P0046,Dermatology,Ultrasound,Referral,General_Ward,12,1200.0,14400.0,9962.0,12452,1800.0,38614.0
B0257,P0123,Pediatrics,Consultation,Planned,General_Ward,11,1200.0,13200.0,3855.0,1354,1000.0,19409.0
B0258,P0443,Neurology,Consultation,Referral,Semi_Private,1,2500.0,2500.0,1219.0,2136,1000.0,6855.0
B0259,P0188,Pulmonology,X_Ray,Planned,Semi_Private,11,2500.0,27500.0,6298.0,6310,1200.0,41308.0
B0260,P0408,Cardiology,Blood_Test,Referral,Private,12,4500.0,54000.0,7122.0,1383,700.0,63205.0
B0261,P0282,General_Medicine,Ultrasound,Emergency,Semi_Private,1,2500.0,2500.0,6033.0,12270,1800.0,22603.0
B0262,P0284,ENT,ECG,Planned,Private,10,4500.0,45000.0,9851.0,7660,800.0,63311.0
B0263,P0442,ENT,Physiotherapy,Planned,Semi_Private,13,2500.0,32500.0,6462.0,652,1500.0,41114.0
B0264,P0111,ENT,X_Ray,Planned,ICU,1,10000.0,10000.0,946.0,4618,1200.0,16764.0
B0265,P0260,Neurology,Ultrasound,Planned,General_Ward,15,1200.0,18000.0,9877.0,10582,1800.0,40259.0
B0266,P0100,Orthopedics,Blood_Test,Planned,Private,2,4500.0,9000.0,8199.0,4923,700.0,22822.0
B0267,P0207,Cardiology,Physiotherapy,Planned,General_Ward,6,1200.0,7200.0,4217.0,10793,1500.0,23710.0
B0268,P0342,Cardiology,X_Ray,Planned,Private,11,4500.0,49500.0,543.0,1820,1200.0,53063.0
B0269,P0444,Pediatrics,Physiotherapy,Planned,General_Ward,2,1200.0,2400.0,3873.0,2811,1500.0,10584.0
B0270,P0433,ENT,Ultrasound,Referral,ICU,8,10000.0,80000.0,658.0,9344,1800.0,91802.0
B0271,P0313,Orthopedics,CT_Scan,Planned,Private,3,4500.0,13500.0,4323.0,11991,4500.0,34314.0
B0272,P0472,Neurology,Blood_Test,Planned,Private,3,4500.0,13500.0,5606.0,7372,700.0,27178.0
B0273,P0344,General_Medicine,Minor_Surgery,Emergency,Semi_Private,1,2500.0,2500.0,7834.0,10633,12000.0,32967.0
B0274,P0101,Cardiology,Consultation,Planned,General_Ward,8,0.0,0.0,3954.0,10661,1000.0,15615.0
B0275,P0389,Neurology,Consultation,Emergency,General_Ward,7,1200.0,8400.0,1682.0,6591,1000.0,17673.0
B0276,P0326,Pediatrics,ECG,Referral,Private,5,4500.0,22500.0,1658.0,1439,800.0,26397.0
B0277,P0113,Orthopedics,Blood_Test,Planned,Semi_Private,15,2500.0,37500.0,2303.0,3502,700.0,44005.0
B0278,P0313,Cardiology,Consultation,Referral,Private,15,4500.0,67500.0,3900.0,7229,1000.0,79629.0
B0279,P0061,Neurology,CT_Scan,Referral,Private,12,4500.0,54000.0,7173.0,3508,4500.0,69181.0
B0280,P0138,Dermatology,Physiotherapy,Emergency,General_Ward,7,1200.0,8400.0,3390.0,5351,1500.0,18641.0
B0281,P0195,Pulmonology,X_Ray,Planned,General_Ward,11,1200.0,13200.0,2209.0,14799,1200.0,31408.0
B0282,P0486,Cardiology,Blood_Test,Emergency,Private,3,4500.0,13500.0,2845.0,13720,700.0,30765.0
B0283,P0162,Pulmonology,ECG,Planned,General_Ward,3,1200.0,3600.0,6941.0,585,800.0,11926.0
B0284,P0070,Cardiology,Consultation,Emergency,General_Ward,14,1200.0,16800.0,3488.0,11971,1000.0,33259.0
B0285,P0125,Cardiology,X_Ray,Emergency,General_Ward,3,1200.0,3600.0,1364.0,13007,1200.0,19171.0
B0286,P0394,General_Medicine,Ultrasound,Planned,General_Ward,15,1200.0,18000.0,4791.0,4259,1800.0,28850.0
B0287,P0208,ENT,MRI_scan,Planned,Semi_Private,11,2500.0,27500.0,2455.0,10513,6000.0,46468.0
B0288,P0252,Pediatrics,Vaccination,Planned,Semi_Private,1,2500.0,2500.0,3180.0,5721,600.0,12001.0
B0289,P0029,Neurology,Vaccination,Emergency,General_Ward,11,1200.0,13200.0,9243.0,11561,600.0,34604.0
B0290,P0323,Pulmonology,Minor_Surgery,Planned,Private,12,4500.0,54000.0,7302.0,11009,12000.0,84311.0
B0291,P0011,Orthopedics,MRI_scan,Emergency,General_Ward,10,1200.0,12000.0,3648.0,2006,6000.0,23654.0
B0292,P0229,Neurology,Vaccination,Planned,General_Ward,15,1200.0,18000.0,5856.0,10644,600.0,35100.0
B0293,P0260,Pediatrics,Minor_Surgery,Planned,General_Ward,11,1200.0,13200.0,2633.0,4666,12000.0,32499.0
B0294,P0433,ENT,Ultrasound,Referral,Private,4,4500.0,18000.0,1930.0,13639,1800.0,35369.0
B0295,P0260,Dermatology,Vaccination,Emergency,General_Ward,13,1200.0,15600.0,2452.0,14624,600.0,33276.0
B0296,P0280,Neurology,Blood_Test,Emergency,Private,14,4500.0,63000.0,5500.0,7567,700.0,76767.0
B0297,P0220,Dermatology,ECG,Planned,Semi_Private,14,2500.0,35000.0,7821.0,5914,800.0,49535.0
B0298,P0184,ENT,Physiotherapy,Planned,General_Ward,12,1200.0,14400.0,9871.0,12070,1500.0,37841.0
B0299,P0291,Pediatrics,CT_Scan,Emergency,General_Ward,5,1200.0,6000.0,516.0,8036,4500.0,19052.0
B0300,P0294,Cardiology,X_Ray,Emergency,Semi_Private,2,2500.0,5000.0,571.0,2064,1200.0,8835.0
B0301,P0306,Neurology,Physiotherapy,Planned,General_Ward,6,1200.0,7200.0,4634.0,4786,1500.0,18120.0
B0302,P0344,General_Medicine,X_Ray,Planned,General_Ward,3,1200.0,3600.0,2085.0,3301,1200.0,10186.0
B0303,P0342,General_Medicine,Consultation,Planned,General_Ward,15,1200.0,18000.0,1402.0,11699,1000.0,32101.0
B0304,P0154,Cardiology,MRI_scan,Planned,Private,1,4500.0,4500.0,5855.0,8430,6000.0,24785.0
B0305,P0402,Orthopedics,Physiotherapy,Planned,Semi_Private,5,2500.0,12500.0,6720.0,14394,1500.0,35114.0
B0306,P0187,Pulmonology,Physiotherapy,Planned,General_Ward,6,1200.0,7200.0,9330.0,8092,1500.0,26122.0
B0307,P0195,ENT,Ultrasound,Referral,Private,10,4500.0,45000.0,8395.0,7446,1800.0,62641.0
B0308,P0302,Cardiology,X_Ray,Planned,Semi_Private,6,2500.0,15000.0,1139.0,4744,1200.0,22083.0
B0309,P0011,Pediatrics,Minor_Surgery,Emergency,Semi_Private,10,2500.0,25000.0,7299.0,14373,12000.0,58672.0
B0310,P0137,ENT,Ultrasound,Planned,Semi_Private,4,2500.0,10000.0,6127.0,5468,1800.0,23395.0
B0311,P0246,Neurology,MRI_scan,Planned,Private,9,4500.0,40500.0,4238.0,4931,6000.0,55669.0
B0312,P0481,ENT,Minor_Surgery,Emergency,Semi_Private,10,2500.0,25000.0,7762.0,10216,12000.0,54978.0
B0313,P0282,General_Medicine,Blood_Test,Referral,General_Ward,10,1200.0,12000.0,1019.0,9198,700.0,22917.0
B0314,P0356,Dermatology,Consultation,Planned,ICU,5,10000.0,50000.0,6084.0,5464,1000.0,62548.0
B0315,P0068,Pediatrics,Physiotherapy,Referral,Semi_Private,15,2500.0,37500.0,7343.0,4585,1500.0,50928.0
B0316,P0116,ENT,ECG,Referral,ICU,13,10000.0,130000.0,582.0,4008,800.0,135390.0
B0317,P0322,Dermatology,X_Ray,Planned,General_Ward,10,1200.0,12000.0,1863.0,10227,1200.0,25290.0
B0318,P0008,Pulmonology,ECG,Planned,Private,4,4500.0,18000.0,9003.0,13800,800.0,41603.0
B0319,P0455,Cardiology,CT_Scan,Planned,General_Ward,7,1200.0,8400.0,9033.0,11340,4500.0,33273.0
B0320,P0356,General_Medicine,CT_Scan,Referral,General_Ward,3,1200.0,3600.0,579.0,1673,4500.0,10352.0
B0321,P0226,Pediatrics,Consultation,Emergency,Private,5,4500.0,22500.0,5478.0,5021,1000.0,33999.0
B0322,P0168,Cardiology,Ultrasound,Planned,General_Ward,8,1200.0,9600.0,6824.0,8134,1800.0,26358.0
B0323,P0467,Cardiology,Consultation,Referral,General_Ward,9,1200.0,10800.0,6737.0,3874,1000.0,22411.0
B0324,P0221,Orthopedics,Ultrasound,Referral,General_Ward,15,1200.0,18000.0,3883.0,9175,1800.0,32858.0
B0325,P0423,General_Medicine,Consultation,Planned,Semi_Private,5,2500.0,12500.0,8614.0,6224,1000.0,28338.0
B0326,P0390,Pulmonology,Minor_Surgery,Referral,General_Ward,7,1200.0,8400.0,4222.0,7301,12000.0,31923.0
B0327,P0138,Pulmonology,X_Ray,Planned,General_Ward,12,1200.0,14400.0,6820.0,8752,1200.0,31172.0
B0328,P0169,Pulmonology,CT_Scan,Planned,General_Ward,7,1200.0,8400.0,2369.0,12551,4500.0,27820.0
B0329,P0490,Dermatology,MRI_scan,Emergency,Semi_Private,2,2500.0,5000.0,6853.0,9141,6000.0,26994.0
B0330,P0325,Pediatrics,CT_Scan,Planned,General_Ward,10,1200.0,12000.0,8631.0,9280,4500.0,34411.0
B0331,P0216,Orthopedics,CT_Scan,Planned,General_Ward,6,1200.0,7200.0,5169.0,13480,4500.0,30349.0
B0332,P0233,Neurology,Ultrasound,Planned,Private,5,4500.0,22500.0,1349.0,340,1800.0,25989.0
B0333,P0406,Orthopedics,Physiotherapy,Planned,General_Ward,9,1200.0,10800.0,8068.0,6027,1500.0,26395.0
B0334,P0090,ENT,Ultrasound,Planned,General_Ward,14,1200.0,16800.0,8468.0,13116,1800.0,40184.0
B0335,P0307,Dermatology,Physiotherapy,Emergency,Semi_Private,7,2500.0,17500.0,1367.0,12663,1500.0,33030.0
B0336,P0421,Cardiology,Blood_Test,Planned,Private,2,4500.0,9000.0,698.0,8940,700.0,19338.0
B0337,P0045,Neurology,Minor_Surgery,Planned,Semi_Private,7,2500.0,17500.0,9176.0,5197,12000.0,43873.0
B0338,P0093,Cardiology,X_Ray,Planned,Semi_Private,4,2500.0,10000.0,9932.0,13172,1200.0,34304.0
B0339,P0484,Pediatrics,Physiotherapy,Planned,General_Ward,3,1200.0,3600.0,5152.0,6801,1500.0,17053.0
B0340,P0340,Orthopedics,X_Ray,Planned,General_Ward,3,1200.0,3600.0,5371.0,3714,1200.0,13885.0
B0341,P0338,Pediatrics,Ultrasound,Planned,Private,1,4500.0,4500.0,9584.0,11692,1800.0,27576.0
B0342,P0488,ENT,Blood_Test,Referral,General_Ward,7,1200.0,8400.0,7471.0,7683,700.0,24254.0
B0343,P0384,Orthopedics,ECG,Planned,Private,15,4500.0,67500.0,2634.0,11854,800.0,82788.0
B0344,P0109,ENT,Physiotherapy,Planned,Private,9,4500.0,40500.0,8003.0,5427,1500.0,55430.0
B0345,P0062,Pediatrics,X_Ray,Planned,Private,7,4500.0,31500.0,3786.0,14872,1200.0,51358.0
B0346,P0361,Cardiology,X_Ray,Planned,Semi_Private,1,2500.0,2500.0,9601.0,4655,1200.0,17956.0
B0347,P0248,Dermatology,CT_Scan,Planned,General_Ward,14,1200.0,16800.0,5658.0,5841,4500.0,32799.0
B0348,P0248,Neurology,CT_Scan,Planned,General_Ward,14,1200.0,16800.0,0.0,10493,4500.0,31793.0
B0349,P0015,Neurology,Consultation,Emergency,General_Ward,4,1200.0,4800.0,7141.0,14162,1000.0,27103.0
B0350,P0463,Neurology,Ultrasound,Emergency,General_Ward,3,1200.0,3600.0,5097.0,9899,1800.0,20396.0
B0351,P0024,Cardiology,Consultation,Referral,Semi_Private,13,2500.0,32500.0,1681.0,10719,1000.0,45900.0
B0352,P0319,ENT,MRI_scan,Planned,General_Ward,15,1200.0,18000.0,982.0,8423,6000.0,33405.0
B0353,P0413,Pulmonology,CT_Scan,Planned,Private,3,4500.0,13500.0,1184.0,11201,4500.0,30385.0
B0354,P0118,Pediatrics,ECG,Emergency,ICU,15,10000.0,150000.0,3318.0,4059,800.0,158177.0
B0355,P0081,Cardiology,Vaccination,Emergency,Private,7,4500.0,31500.0,3849.0,929,600.0,36878.0
B0356,P0241,Pulmonology,Ultrasound,Planned,Private,3,4500.0,13500.0,9265.0,7525,1800.0,32090.0
B0357,P0239,Pediatrics,Consultation,Emergency,General_Ward,9,1200.0,10800.0,5968.0,803,1000.0,18571.0
B0358,P0153,Pediatrics,MRI_scan,Referral,General_Ward,11,1200.0,13200.0,2329.0,5192,6000.0,26721.0
B0359,P0127,Cardiology,Minor_Surgery,Emergency,General_Ward,15,1200.0,18000.0,6162.0,3260,12000.0,39422.0
B0360,P0144,Pediatrics,Minor_Surgery,Planned,Private,1,4500.0,4500.0,8911.0,7094,12000.0,32505.0
B0361,P0434,Dermatology,MRI_scan,Planned,Private,13,4500.0,58500.0,7010.0,9659,6000.0,81169.0
B0362,P0465,Pulmonology,Vaccination,Planned,Semi_Private,14,2500.0,35000.0,4559.0,11816,600.0,51975.0
B0363,P0128,Neurology,ECG,Emergency,General_Ward,9,1200.0,10800.0,3823.0,4946,800.0,20369.0
B0364,P0495,Pediatrics,MRI_scan,Planned,Private,5,4500.0,22500.0,2129.0,1948,6000.0,32577.0
B0365,P0495,Pediatrics,X_Ray,Planned,ICU,14,10000.0,140000.0,8428.0,3895,1200.0,153523.0
B0366,P0085,General_Medicine,Minor_Surgery,Planned,General_Ward,4,1200.0,4800.0,1818.0,6810,12000.0,25428.0
B0367,P0236,Neurology,ECG,Emergency,Private,2,4500.0,9000.0,8552.0,3130,800.0,21482.0
B0368,P0240,Neurology,Physiotherapy,Planned,General_Ward,1,1200.0,1200.0,3583.0,13791,1500.0,20074.0
B0369,P0219,Orthopedics,Ultrasound,Planned,Private,14,4500.0,63000.0,664.0,3579,1800.0,69043.0
B0370,P0374,General_Medicine,Blood_Test,Emergency,Private,6,4500.0,27000.0,2074.0,6729,700.0,36503.0
B0371,P0005,Neurology,Consultation,Emergency,General_Ward,5,1200.0,6000.0,9664.0,7925,1000.0,24589.0
B0372,P0150,ENT,Blood_Test,Emergency,General_Ward,5,1200.0,6000.0,1570.0,802,700.0,9072.0
B0373,P0033,General_Medicine,MRI_scan,Referral,General_Ward,8,1200.0,9600.0,6355.0,5036,6000.0,26991.0
B0374,P0424,Neurology,X_Ray,Emergency,Semi_Private,5,2500.0,12500.0,7131.0,7003,1200.0,27834.0
B0375,P0386,Orthopedics,Minor_Surgery,Planned,General_Ward,5,1200.0,6000.0,7128.0,10260,12000.0,35388.0
B0376,P0355,Cardiology,Minor_Surgery,Planned,Semi_Private,12,2500.0,30000.0,8527.0,11628,12000.0,62155.0
B0377,P0107,General_Medicine,Blood_Test,Planned,Semi_Private,11,2500.0,27500.0,3662.0,1175,700.0,33037.0
B0378,P0467,General_Medicine,Consultation,Planned,General_Ward,1,1200.0,1200.0,5794.0,9549,1000.0,17543.0
B0379,P0104,Pulmonology,Consultation,Planned,Private,11,4500.0,49500.0,4431.0,14589,1000.0,69520.0
B0380,P0347,Orthopedics,Minor_Surgery,Planned,Private,10,4500.0,45000.0,5874.0,11802,12000.0,74676.0
B0381,P0360,Pediatrics,Ultrasound,Emergency,Semi_Private,8,2500.0,20000.0,8560.0,6488,1800.0,36848.0
B0382,P0420,Cardiology,Minor_Surgery,Planned,Semi_Private,15,2500.0,37500.0,9633.0,12999,12000.0,72132.0
B0383,P0059,Pulmonology,MRI_scan,Emergency,General_Ward,8,1200.0,9600.0,5255.0,13524,6000.0,34379.0
B0384,P0423,General_Medicine,CT_Scan,Planned,Semi_Private,7,2500.0,17500.0,2952.0,5997,4500.0,30949.0
B0385,P0258,Cardiology,Ultrasound,Emergency,Private,11,4500.0,49500.0,2008.0,7407,1800.0,60715.0
B0386,P0489,Pediatrics,MRI_scan,Emergency,General_Ward,7,1200.0,8400.0,3588.0,1599,6000.0,19587.0
B0387,P0437,Dermatology,Minor_Surgery,Emergency,ICU,7,10000.0,70000.0,4099.0,665,12000.0,86764.0
B0388,P0402,Pediatrics,MRI_scan,Planned,Private,9,4500.0,40500.0,9934.0,766,6000.0,57200.0
B0389,P0174,Orthopedics,Minor_Surgery,Referral,Private,5,4500.0,22500.0,8992.0,3404,12000.0,46896.0
B0390,P0279,Pediatrics,X_Ray,Referral,General_Ward,8,1200.0,9600.0,1728.0,3177,1200.0,15705.0
B0391,P0054,Neurology,Ultrasound,Planned,Private,2,4500.0,9000.0,3043.0,7433,1800.0,21276.0
B0392,P0474,Pulmonology,Vaccination,Emergency,Private,2,4500.0,9000.0,2640.0,6746,600.0,18986.0
B0393,P0331,Pediatrics,MRI_scan,Emergency,Semi_Private,1,2500.0,2500.0,5449.0,1388,6000.0,15337.0
B0394,P0496,Pediatrics,Minor_Surgery,Emergency,Semi_Private,15,2500.0,37500.0,1620.0,11701,12000.0,62821.0
B0395,P0385,Pulmonology,ECG,Planned,General_Ward,8,1200.0,9600.0,4659.0,1206,800.0,16265.0
B0396,P0292,ENT,ECG,Emergency,General_Ward,6,1200.0,7200.0,8460.0,6916,800.0,23376.0
B0397,P0370,ENT,Minor_Surgery,Referral,General_Ward,4,1200.0,4800.0,3778.0,10877,12000.0,31455.0
B0398,P0084,General_Medicine,X_Ray,Referral,Semi_Private,11,2500.0,27500.0,1213.0,2886,1200.0,32799.0
B0399,P0351,ENT,X_Ray,Emergency,General_Ward,7,1200.0,8400.0,7079.0,8854,1200.0,25533.0
B0400,P0072,Orthopedics,ECG,Planned,Semi_Private,8,2500.0,20000.0,7899.0,2343,800.0,31042.0
B0401,P0040,Pulmonology,Physiotherapy,Referral,General_Ward,10,1200.0,12000.0,1091.0,11709,1500.0,26300.0
B0402,P0344,Neurology,Vaccination,Planned,General_Ward,6,1200.0,7200.0,627.0,14261,600.0,22688.0
B0403,P0340,Pulmonology,Blood_Test,Emergency,General_Ward,6,1200.0,7200.0,2464.0,4221,700.0,14585.0
B0404,P0375,Cardiology,MRI_scan,Emergency,General_Ward,7,1200.0,8400.0,1218.0,4171,6000.0,19789.0
B0405,P0335,Orthopedics,Blood_Test,Planned,Private,11,4500.0,49500.0,5171.0,10989,700.0,66360.0
B0406,P0030,Dermatology,Consultation,Planned,General_Ward,5,1200.0,6000.0,6823.0,2317,1000.0,16140.0
B0407,P0020,Neurology,MRI_scan,Referral,General_Ward,10,1200.0,12000.0,9598.0,3439,6000.0,31037.0
B0408,P0294,ENT,MRI_scan,Planned,Private,4,4500.0,18000.0,6216.0,10927,6000.0,41143.0
B0409,P0002,Neurology,MRI_scan,Planned,General_Ward,8,1200.0,9600.0,2745.0,9381,6000.0,27726.0
B0410,P0134,General_Medicine,Vaccination,Referral,Semi_Private,8,2500.0,20000.0,1155.0,6458,600.0,28213.0
B0411,P0362,General_Medicine,Physiotherapy,Emergency,General_Ward,13,1200.0,15600.0,9493.0,10634,1500.0,37227.0
B0412,P0082,Neurology,Blood_Test,Planned,General_Ward,15,1200.0,18000.0,5092.0,6509,700.0,30301.0
B0413,P0164,Pulmonology,Minor_Surgery,Referral,Private,9,4500.0,40500.0,9699.0,10969,12000.0,73168.0
B0414,P0078,Cardiology,Physiotherapy,Emergency,General_Ward,12,1200.0,14400.0,4692.0,10368,1500.0,30960.0
B0415,P0026,Pulmonology,MRI_scan,Referral,General_Ward,7,1200.0,8400.0,9655.0,13723,6000.0,37778.0
B0416,P0098,ENT,Physiotherapy,Emergency,Private,13,4500.0,58500.0,9888.0,2656,1500.0,72544.0
B0417,P0118,Cardiology,Physiotherapy,Planned,Private,5,4500.0,22500.0,6475.0,9033,1500.0,39508.0
B0418,P0478,Pulmonology,ECG,Planned,General_Ward,14,1200.0,16800.0,4399.0,12338,800.0,34337.0
B0419,P0455,ENT,CT_Scan,Planned,Private,5,4500.0,22500.0,8330.0,4815,4500.0,40145.0
B0420,P0443,ENT,Consultation,Planned,Semi_Private,13,2500.0,32500.0,3412.0,12433,1000.0,49345.0
B0421,P0414,Cardiology,Vaccination,Planned,Private,2,4500.0,9000.0,7177.0,10127,600.0,26904.0
B0422,P0082,Dermatology,Physiotherapy,Planned,Private,8,4500.0,36000.0,9577.0,11023,1500.0,58100.0
B0423,P0406,Pediatrics,Ultrasound,Planned,General_Ward,2,1200.0,2400.0,2994.0,10905,1800.0,18099.0
B0424,P0145,Orthopedics,CT_Scan,Planned,ICU,3,10000.0,30000.0,9609.0,1501,4500.0,45610.0
B0425,P0287,ENT,Physiotherapy,Planned,General_Ward,13,1200.0,15600.0,2647.0,9945,1500.0,29692.0
B0426,P0440,Pediatrics,Vaccination,Planned,Private,10,4500.0,45000.0,4256.0,8804,600.0,58660.0
B0427,P0465,Neurology,Ultrasound,Emergency,General_Ward,13,1200.0,15600.0,2271.0,12985,1800.0,32656.0
B0428,P0159,Cardiology,MRI_scan,Referral,Semi_Private,15,2500.0,37500.0,8743.0,7018,6000.0,59261.0
B0429,P0013,Dermatology,CT_Scan,Planned,Private,5,4500.0,22500.0,6658.0,896,4500.0,34554.0
B0430,P0091,Cardiology,X_Ray,Emergency,Semi_Private,1,2500.0,2500.0,4236.0,2957,1200.0,10893.0
B0431,P0468,ENT,Consultation,Planned,Semi_Private,7,2500.0,17500.0,8257.0,7327,1000.0,34084.0
B0432,P0401,Pulmonology,Blood_Test,Emergency,General_Ward,11,1200.0,13200.0,9022.0,6934,700.0,29856.0
B0433,P0093,Neurology,Blood_Test,Planned,General_Ward,5,1200.0,6000.0,3554.0,10008,700.0,20262.0
B0434,P0039,Orthopedics,Consultation,Emergency,Semi_Private,15,2500.0,37500.0,0.0,10159,1000.0,48659.0
B0435,P0355,Neurology,Blood_Test,Referral,Semi_Private,11,2500.0,27500.0,5826.0,12461,700.0,46487.0
B0436,P0008,Neurology,X_Ray,Referral,General_Ward,15,1200.0,18000.0,2996.0,10874,1200.0,33070.0
B0437,P0107,Cardiology,ECG,Planned,ICU,3,10000.0,30000.0,5494.0,10313,800.0,46607.0
B0438,P0166,Cardiology,Consultation,Emergency,General_Ward,11,1200.0,13200.0,559.0,13170,1000.0,27929.0
B0439,P0015,Dermatology,CT_Scan,Emergency,Private,3,4500.0,13500.0,7759.0,2622,4500.0,28381.0
B0440,P0114,Orthopedics,MRI_scan,Planned,General_Ward,10,1200.0,12000.0,3290.0,11734,6000.0,33024.0
B0441,P0129,General_Medicine,Physiotherapy,Planned,General_Ward,15,1200.0,18000.0,8907.0,8902,1500.0,37309.0
B0442,P0481,Cardiology,Physiotherapy,Emergency,General_Ward,14,1200.0,16800.0,7789.0,8932,1500.0,35021.0
B0443,P0131,General_Medicine,CT_Scan,Planned,Semi_Private,3,2500.0,7500.0,2944.0,603,4500.0,15547.0
B0444,P0487,Cardiology,Vaccination,Planned,Semi_Private,14,2500.0,35000.0,1774.0,9994,600.0,47368.0
B0445,P0038,Pulmonology,Vaccination,Emergency,General_Ward,1,1200.0,1200.0,1469.0,14490,600.0,17759.0
B0446,P0432,ENT,Consultation,Planned,Private,7,4500.0,31500.0,9447.0,5002,1000.0,46949.0
B0447,P0063,Orthopedics,CT_Scan,Planned,Private,10,4500.0,45000.0,1012.0,10561,4500.0,61073.0
B0448,P0446,Dermatology,Vaccination,Planned,General_Ward,8,1200.0,9600.0,1869.0,12466,600.0,24535.0
B0449,P0015,Dermatology,Minor_Surgery,Emergency,General_Ward,5,1200.0,6000.0,1133.0,12232,12000.0,31365.0
B0450,P0062,Pulmonology,Vaccination,Referral,ICU,11,10000.0,110000.0,2731.0,11840,600.0,125171.0
B0451,P0381,ENT,Blood_Test,Emergency,General_Ward,8,1200.0,9600.0,616.0,6868,700.0,17784.0
B0452,P0362,Pediatrics,X_Ray,Planned,Semi_Private,9,2500.0,22500.0,6024.0,8930,1200.0,38654.0
B0453,P0082,Cardiology,Blood_Test,Emergency,General_Ward,9,1200.0,10800.0,6712.0,1077,700.0,19289.0
B0454,P0038,Neurology,X_Ray,Planned,Semi_Private,7,2500.0,17500.0,8846.0,10601,1200.0,38147.0
B0455,P0223,Orthopedics,X_Ray,Planned,Private,1,4500.0,4500.0,731.0,14067,1200.0,20498.0
B0456,P0404,Pulmonology,Blood_Test,Planned,Private,5,4500.0,22500.0,5227.0,8933,700.0,37360.0
B0457,P0443,General_Medicine,Physiotherapy,Emergency,General_Ward,3,1200.0,3600.0,7066.0,13706,1500.0,25872.0
B0458,P0007,Cardiology,Physiotherapy,Planned,General_Ward,13,1200.0,15600.0,2618.0,2975,1500.0,22693.0
B0459,P0357,Pediatrics,Ultrasound,Emergency,Private,15,4500.0,67500.0,3608.0,10717,1800.0,83625.0
B0460,P0475,Pediatrics,Physiotherapy,Emergency,ICU,3,10000.0,30000.0,9623.0,7570,1500.0,48693.0
B0461,P0072,Pediatrics,ECG,Planned,General_Ward,12,1200.0,14400.0,8875.0,8945,800.0,33020.0
B0462,P0334,Pulmonology,MRI_scan,Planned,Semi_Private,4,2500.0,10000.0,9990.0,6682,6000.0,32672.0
B0463,P0242,Cardiology,Blood_Test,Referral,General_Ward,8,1200.0,9600.0,1671.0,7070,700.0,19041.0
B0464,P0335,ENT,Ultrasound,Planned,General_Ward,5,1200.0,6000.0,6222.0,1375,1800.0,15397.0
B0465,P0455,Dermatology,ECG,Planned,Private,15,4500.0,67500.0,5497.0,11738,800.0,85535.0
B0466,P0225,Pediatrics,Minor_Surgery,Emergency,General_Ward,5,1200.0,6000.0,1595.0,7364,12000.0,26959.0
B0467,P0052,Neurology,Ultrasound,Planned,Private,11,4500.0,49500.0,9516.0,5293,1800.0,66109.0
B0468,P0354,General_Medicine,Physiotherapy,Emergency,General_Ward,7,1200.0,8400.0,7497.0,1115,1500.0,18512.0
B0469,P0260,Dermatology,Ultrasound,Planned,Semi_Private,8,2500.0,20000.0,5182.0,12765,1800.0,39747.0
B0470,P0129,General_Medicine,Consultation,Emergency,General_Ward,10,1200.0,12000.0,2518.0,1905,1000.0,17423.0
B0471,P0105,Neurology,Consultation,Emergency,General_Ward,3,1200.0,3600.0,1044.0,7149,1000.0,12793.0
B0472,P0127,General_Medicine,MRI_scan,Planned,General_Ward,13,1200.0,15600.0,5702.0,3188,6000.0,30490.0
B0473,P0127,Pediatrics,MRI_scan,Emergency,General_Ward,3,1200.0,3600.0,1886.0,3050,6000.0,14536.0
B0474,P0334,Pediatrics,Consultation,Planned,Private,3,4500.0,13500.0,737.0,12344,1000.0,27581.0
B0475,P0095,Neurology,MRI_scan,Planned,General_Ward,6,1200.0,7200.0,3131.0,8241,6000.0,24572.0
B0476,P0166,Orthopedics,ECG,Referral,Private,6,4500.0,27000.0,8982.0,5013,800.0,41795.0
B0477,P0114,Neurology,Physiotherapy,Referral,Private,12,4500.0,54000.0,8934.0,7176,1500.0,71610.0
B0478,P0053,Neurology,Minor_Surgery,Planned,Semi_Private,11,2500.0,27500.0,4312.0,753,12000.0,44565.0
B0479,P0340,ENT,Minor_Surgery,Planned,Private,2,4500.0,9000.0,5385.0,12624,12000.0,39009.0
B0480,P0259,Cardiology,MRI_scan,Planned,General_Ward,10,0.0,0.0,5000.0,12005,6000.0,23005.0
B0481,P0483,Pulmonology,Vaccination,Planned,Semi_Private,3,2500.0,7500.0,9872.0,3707,600.0,21679.0
B0482,P0494,Pulmonology,Physiotherapy,Planned,Semi_Private,1,2500.0,2500.0,8850.0,1007,1500.0,13857.0
B0483,P0225,Cardiology,Physiotherapy,Planned,General_Ward,10,1200.0,12000.0,8687.0,13852,1500.0,36039.0
B0484,P0015,Orthopedics,Vaccination,Planned,Semi_Private,2,2500.0,5000.0,9815.0,1140,600.0,16555.0
B0485,P0003,ENT,MRI_scan,Referral,Semi_Private,10,2500.0,25000.0,7026.0,2878,6000.0,40904.0
B0486,P0348,Pulmonology,Blood_Test,Emergency,General_Ward,11,1200.0,13200.0,8508.0,12728,700.0,35136.0
B0487,P0475,Neurology,X_Ray,Planned,General_Ward,4,1200.0,4800.0,5767.0,7920,1200.0,19687.0
B0488,P0367,Cardiology,MRI_scan,Emergency,Semi_Private,10,2500.0,25000.0,2335.0,5564,6000.0,38899.0
B0489,P0239,Neurology,MRI_scan,Referral,Semi_Private,13,2500.0,32500.0,1201.0,2140,6000.0,41841.0
B0490,P0161,Orthopedics,Consultation,Referral,Semi_Private,14,2500.0,35000.0,3850.0,494,1000.0,40344.0
B0491,P0467,Cardiology,Minor_Surgery,Planned,Private,14,4500.0,63000.0,8221.0,14259,12000.0,97480.0
B0492,P0440,Cardiology,Physiotherapy,Planned,General_Ward,11,1200.0,13200.0,9782.0,11728,1500.0,36210.0
B0493,P0378,Pulmonology,Blood_Test,Referral,General_Ward,13,1200.0,15600.0,7513.0,1375,700.0,25188.0
B0494,P0289,General_Medicine,ECG,Planned,General_Ward,2,1200.0,2400.0,3046.0,1452,800.0,7698.0
B0495,P0415,Dermatology,CT_Scan,Planned,General_Ward,6,1200.0,7200.0,8830.0,5843,4500.0,26373.0
B0496,P0260,Pediatrics,CT_Scan,Planned,Private,7,4500.0,31500.0,7808.0,300,4500.0,44108.0
B0497,P0224,Pulmonology,Blood_Test,Emergency,Private,5,4500.0,22500.0,2837.0,5863,700.0,31900.0
B0498,P0234,Neurology,ECG,Referral,Semi_Private,7,2500.0,17500.0,1437.0,10304,800.0,30041.0
B0499,P0220,Pulmonology,Blood_Test,Planned,Private,7,4500.0,31500.0,5067.0,3648,700.0,40915.0
B0500,P0248,ENT,Ultrasound,Referral,General_Ward,2,1200.0,2400.0,5368.0,3203,1800.0,12771.0
B0501,P0336,Orthopedics,X_Ray,Referral,General_Ward,9,1200.0,10800.0,8890.0,4842,1200.0,25732.0
B0502,P0369,Neurology,ECG,Referral,Semi_Private,7,2500.0,17500.0,5589.0,1314,800.0,25203.0
B0503,P0107,ENT,Minor_Surgery,Planned,General_Ward,8,1200.0,9600.0,3810.0,3392,12000.0,28802.0
B0504,P0220,Neurology,Vaccination,Planned,General_Ward,11,1200.0,13200.0,7975.0,3540,600.0,25315.0
B0505,P0335,Neurology,Minor_Surgery,Referral,General_Ward,5,1200.0,6000.0,5376.0,7289,12000.0,30665.0
B0506,P0112,Orthopedics,MRI_scan,Planned,General_Ward,3,1200.0,3600.0,8116.0,6650,6000.0,24366.0
B0507,P0022,Pulmonology,Physiotherapy,Emergency,Semi_Private,1,2500.0,2500.0,3904.0,8056,1500.0,15960.0
B0508,P0159,Pediatrics,Blood_Test,Emergency,Semi_Private,13,2500.0,32500.0,1015.0,11262,700.0,45477.0
B0509,P0188,Neurology,CT_Scan,Planned,Private,3,4500.0,13500.0,4495.0,4621,4500.0,27116.0
B0510,P0341,Pulmonology,Blood_Test,Emergency,General_Ward,11,1200.0,13200.0,1702.0,11792,700.0,27394.0
B0511,P0288,ENT,Physiotherapy,Planned,Semi_Private,8,2500.0,20000.0,8125.0,11873,1500.0,41498.0
B0512,P0071,Dermatology,Physiotherapy,Emergency,Private,7,4500.0,31500.0,3759.0,3078,1500.0,39837.0
B0513,P0225,Cardiology,CT_Scan,Planned,General_Ward,3,1200.0,3600.0,1503.0,9426,4500.0,19029.0
B0514,P0392,General_Medicine,Vaccination,Emergency,General_Ward,6,1200.0,7200.0,8131.0,6811,600.0,22742.0
B0515,P0078,Pediatrics,MRI_scan,Emergency,Private,4,4500.0,18000.0,9036.0,12798,6000.0,45834.0
B0516,P0190,Pediatrics,X_Ray,Referral,Private,9,4500.0,40500.0,2122.0,14194,1200.0,58016.0
B0517,P0249,Neurology,MRI_scan,Planned,General_Ward,15,1200.0,18000.0,5101.0,8875,6000.0,37976.0
B0518,P0217,Orthopedics,X_Ray,Planned,Private,15,4500.0,67500.0,8552.0,10686,1200.0,87938.0
B0519,P0224,Pediatrics,Consultation,Planned,Semi_Private,8,2500.0,20000.0,7842.0,5029,1000.0,33871.0
B0520,P0028,General_Medicine,MRI_scan,Planned,Private,6,4500.0,27000.0,1057.0,6009,6000.0,40066.0
B0521,P0322,General_Medicine,X_Ray,Planned,General_Ward,10,1200.0,12000.0,740.0,12837,1200.0,26777.0
B0522,P0017,Dermatology,Physiotherapy,Emergency,Private,11,4500.0,49500.0,3942.0,416,1500.0,55358.0
B0523,P0475,Dermatology,X_Ray,Planned,General_Ward,14,1200.0,16800.0,3326.0,14840,1200.0,36166.0
B0524,P0386,Orthopedics,Blood_Test,Emergency,General_Ward,2,1200.0,2400.0,2356.0,13880,700.0,19336.0
B0525,P0136,Neurology,Minor_Surgery,Referral,Semi_Private,5,2500.0,12500.0,6659.0,9069,12000.0,40228.0
B0526,P0294,ENT,Blood_Test,Referral,General_Ward,10,1200.0,12000.0,3174.0,1934,700.0,17808.0
B0527,P0404,General_Medicine,Consultation,Planned,General_Ward,3,1200.0,3600.0,1491.0,14590,1000.0,20681.0
B0528,P0256,Cardiology,Minor_Surgery,Planned,General_Ward,5,1200.0,6000.0,4392.0,13994,12000.0,36386.0
B0529,P0369,General_Medicine,MRI_scan,Planned,General_Ward,11,1200.0,13200.0,7013.0,10339,6000.0,36552.0
B0530,P0192,Dermatology,Blood_Test,Planned,Private,8,4500.0,36000.0,8582.0,11609,700.0,56891.0
B0531,P0229,Pediatrics,X_Ray,Emergency,Private,13,4500.0,58500.0,9976.0,869,1200.0,70545.0
B0532,P0377,Neurology,Physiotherapy,Planned,General_Ward,4,1200.0,4800.0,2566.0,4386,1500.0,13252.0
B0533,P0405,Dermatology,Blood_Test,Emergency,Private,3,4500.0,13500.0,5264.0,7445,700.0,26909.0
B0534,P0090,Pediatrics,CT_Scan,Planned,Semi_Private,7,2500.0,17500.0,796.0,2018,4500.0,24814.0
B0535,P0287,Pulmonology,ECG,Emergency,General_Ward,2,1200.0,2400.0,5560.0,13398,800.0,22158.0
B0536,P0212,Pulmonology,Vaccination,Planned,General_Ward,13,1200.0,15600.0,0.0,5581,600.0,21781.0
B0537,P0326,General_Medicine,CT_Scan,Planned,Semi_Private,2,2500.0,5000.0,1797.0,8912,4500.0,20209.0
B0538,P0114,Pulmonology,Minor_Surgery,Planned,General_Ward,7,1200.0,8400.0,9739.0,5471,12000.0,35610.0
B0539,P0399,Pulmonology,MRI_scan,Planned,General_Ward,15,1200.0,18000.0,1753.0,12318,6000.0,38071.0
B0540,P0185,ENT,Ultrasound,Planned,Private,11,4500.0,49500.0,2520.0,9526,1800.0,63346.0
B0541,P0257,Dermatology,Blood_Test,Planned,General_Ward,7,1200.0,8400.0,7082.0,6001,700.0,22183.0
B0542,P0090,Dermatology,Ultrasound,Planned,General_Ward,6,1200.0,7200.0,6840.0,11943,1800.0,27783.0
B0543,P0285,Pulmonology,Consultation,Referral,Semi_Private,2,2500.0,5000.0,3707.0,12593,1000.0,22300.0
B0544,P0066,Orthopedics,X_Ray,Referral,Semi_Private,11,2500.0,27500.0,7135.0,11918,1200.0,47753.0
B0545,P0278,Pediatrics,CT_Scan,Planned,General_Ward,9,1200.0,10800.0,8833.0,3660,4500.0,27793.0
B0546,P0445,Dermatology,Ultrasound,Planned,Semi_Private,9,2500.0,22500.0,7906.0,9287,1800.0,41493.0
B0547,P0029,ENT,Ultrasound,Planned,General_Ward,4,1200.0,4800.0,7016.0,12763,1800.0,26379.0
B0548,P0009,ENT,Consultation,Planned,General_Ward,15,1200.0,18000.0,3234.0,5260,1000.0,27494.0
B0549,P0297,Pediatrics,Physiotherapy,Planned,Semi_Private,9,2500.0,22500.0,8543.0,10455,1500.0,42998.0
B0550,P0021,Orthopedics,Ultrasound,Planned,Semi_Private,9,2500.0,22500.0,1332.0,14498,1800.0,40130.0
B0551,P0439,Cardiology,MRI_scan,Planned,General_Ward,14,0.0,0.0,1585.0,10675,6000.0,18260.0
B0552,P0249,General_Medicine,MRI_scan,Referral,Semi_Private,14,2500.0,35000.0,625.0,4424,6000.0,46049.0
B0553,P0096,Orthopedics,MRI_scan,Emergency,General_Ward,14,1200.0,16800.0,9248.0,10925,6000.0,42973.0
B0554,P0480,Orthopedics,Physiotherapy,Emergency,General_Ward,11,1200.0,13200.0,1959.0,7358,1500.0,24017.0
B0555,P0111,ENT,ECG,Emergency,Semi_Private,7,2500.0,17500.0,1754.0,3432,800.0,23486.0
B0556,P0236,Neurology,Minor_Surgery,Emergency,Semi_Private,11,2500.0,27500.0,5458.0,3190,12000.0,48148.0
B0557,P0040,Pediatrics,ECG,Planned,General_Ward,7,1200.0,8400.0,5657.0,10937,800.0,25794.0
B0558,P0282,Pulmonology,MRI_scan,Planned,Private,3,4500.0,13500.0,3759.0,5003,6000.0,28262.0
B0559,P0176,General_Medicine,Ultrasound,Planned,General_Ward,11,1200.0,13200.0,5549.0,14161,1800.0,34710.0
B0560,P0126,Dermatology,Blood_Test,Emergency,Private,15,4500.0,67500.0,2196.0,5516,700.0,75912.0
B0561,P0205,Dermatology,X_Ray,Planned,General_Ward,14,1200.0,16800.0,8881.0,1268,1200.0,28149.0
B0562,P0387,Orthopedics,ECG,Referral,General_Ward,2,1200.0,2400.0,7890.0,14122,800.0,25212.0
B0563,P0224,General_Medicine,Ultrasound,Emergency,Semi_Private,8,2500.0,20000.0,9135.0,10131,1800.0,41066.0
B0564,P0033,ENT,Minor_Surgery,Emergency,General_Ward,6,1200.0,7200.0,1656.0,2691,12000.0,23547.0
B0565,P0353,Dermatology,Minor_Surgery,Emergency,Semi_Private,2,2500.0,5000.0,1086.0,4127,12000.0,22213.0
B0566,P0298,Pediatrics,Ultrasound,Planned,General_Ward,7,1200.0,8400.0,6951.0,13770,1800.0,30921.0
B0567,P0234,Pediatrics,ECG,Planned,General_Ward,13,1200.0,15600.0,2430.0,2722,800.0,21552.0
B0568,P0077,General_Medicine,Vaccination,Planned,Private,4,4500.0,18000.0,903.0,5872,600.0,25375.0
B0569,P0299,Dermatology,Blood_Test,Planned,Private,11,4500.0,49500.0,6484.0,11984,700.0,68668.0
B0570,P0454,Cardiology,CT_Scan,Referral,Semi_Private,5,2500.0,12500.0,4112.0,3014,4500.0,24126.0
B0571,P0004,Cardiology,X_Ray,Planned,General_Ward,12,1200.0,14400.0,3990.0,5435,1200.0,25025.0
B0572,P0358,Dermatology,Minor_Surgery,Referral,Private,11,4500.0,49500.0,6744.0,10277,12000.0,78521.0
B0573,P0192,Dermatology,Minor_Surgery,Emergency,General_Ward,3,1200.0,3600.0,6531.0,14871,12000.0,37002.0
B0574,P0198,Dermatology,MRI_scan,Planned,Private,2,4500.0,9000.0,9193.0,12893,6000.0,37086.0
B0575,P0435,Dermatology,Vaccination,Emergency,ICU,1,10000.0,10000.0,1584.0,1826,600.0,14010.0
B0576,P0451,ENT,Vaccination,Planned,General_Ward,7,1200.0,8400.0,7207.0,953,600.0,17160.0
B0577,P0219,Neurology,Consultation,Emergency,Private,13,4500.0,58500.0,3029.0,2820,1000.0,65349.0
B0578,P0232,General_Medicine,Ultrasound,Emergency,Private,7,4500.0,31500.0,3750.0,10160,1800.0,47210.0
B0579,P0468,Pediatrics,Blood_Test,Emergency,Private,6,4500.0,27000.0,2031.0,7056,700.0,36787.0
B0580,P0402,Neurology,Minor_Surgery,Planned,Private,5,4500.0,22500.0,8652.0,9019,12000.0,52171.0
B0581,P0404,Orthopedics,X_Ray,Referral,General_Ward,6,1200.0,7200.0,5114.0,3560,1200.0,17074.0
B0582,P0158,Pediatrics,Vaccination,Planned,Semi_Private,9,2500.0,22500.0,7708.0,5096,600.0,35904.0
B0583,P0202,Neurology,ECG,Planned,Private,15,4500.0,67500.0,3981.0,14911,800.0,87192.0
B0584,P0180,General_Medicine,CT_Scan,Emergency,Private,8,4500.0,36000.0,8104.0,12397,4500.0,61001.0
B0585,P0279,Dermatology,Minor_Surgery,Emergency,Private,10,4500.0,45000.0,1743.0,3384,12000.0,62127.0
B0586,P0303,Orthopedics,CT_Scan,Referral,Semi_Private,2,2500.0,5000.0,8538.0,8961,4500.0,26999.0
B0587,P0387,General_Medicine,Physiotherapy,Planned,General_Ward,8,1200.0,9600.0,1957.0,14207,1500.0,27264.0
B0588,P0244,Dermatology,MRI_scan,Planned,Semi_Private,4,2500.0,10000.0,5477.0,5454,6000.0,26931.0
B0589,P0050,General_Medicine,Minor_Surgery,Referral,Semi_Private,6,2500.0,15000.0,2089.0,3856,12000.0,32945.0
B0590,P0378,Pediatrics,Ultrasound,Emergency,General_Ward,1,1200.0,1200.0,2129.0,9327,1800.0,14456.0
B0591,P0009,Dermatology,Consultation,Emergency,General_Ward,15,1200.0,18000.0,3952.0,10061,1000.0,33013.0
B0592,P0497,Pulmonology,MRI_scan,Planned,Private,13,4500.0,58500.0,7127.0,383,6000.0,72010.0
B0593,P0403,Pulmonology,CT_Scan,Emergency,Semi_Private,3,2500.0,7500.0,7718.0,8629,4500.0,28347.0
B0594,P0420,Dermatology,ECG,Emergency,General_Ward,10,1200.0,12000.0,3177.0,3948,800.0,19925.0
B0595,P0424,Cardiology,Consultation,Planned,Semi_Private,8,2500.0,20000.0,4689.0,7113,1000.0,32802.0
B0596,P0411,Orthopedics,ECG,Referral,Private,2,4500.0,9000.0,4989.0,13159,800.0,27948.0
B0597,P0234,Pediatrics,Physiotherapy,Planned,General_Ward,4,1200.0,4800.0,2481.0,14583,1500.0,23364.0
B0598,P0348,Cardiology,CT_Scan,Planned,General_Ward,14,1200.0,16800.0,5966.0,2862,4500.0,30128.0
B0599,P0235,General_Medicine,Blood_Test,Planned,Semi_Private,7,2500.0,17500.0,8629.0,2874,700.0,29703.0
B0600,P0115,ENT,Consultation,Emergency,General_Ward,12,1200.0,14400.0,3205.0,4565,1000.0,23170.0
B0601,P0072,Orthopedics,CT_Scan,Planned,Semi_Private,5,2500.0,12500.0,9047.0,10947,4500.0,36994.0
B0602,P0106,Cardiology,X_Ray,Planned,General_Ward,15,1200.0,18000.0,5183.0,12486,1200.0,36869.0
B0603,P0496,Pediatrics,X_Ray,Planned,Private,1,4500.0,4500.0,9881.0,5546,1200.0,21127.0
B0604,P0072,Pulmonology,Physiotherapy,Planned,Private,8,4500.0,36000.0,6700.0,3930,1500.0,48130.0
B0605,P0082,Orthopedics,Ultrasound,Planned,General_Ward,1,1200.0,1200.0,4508.0,4122,1800.0,11630.0
B0606,P0379,Neurology,Blood_Test,Planned,ICU,2,10000.0,20000.0,5190.0,14380,700.0,40270.0
B0607,P0149,Dermatology,Ultrasound,Planned,Private,1,4500.0,4500.0,9475.0,9485,1800.0,25260.0
B0608,P0494,Cardiology,Blood_Test,Referral,Semi_Private,10,2500.0,25000.0,9372.0,4395,700.0,39467.0
B0609,P0141,Neurology,Minor_Surgery,Planned,Private,2,4500.0,9000.0,768.0,12260,12000.0,34028.0
B0610,P0283,Pediatrics,Physiotherapy,Referral,General_Ward,10,1200.0,12000.0,5073.0,2361,1500.0,20934.0
B0611,P0239,Neurology,MRI_scan,Emergency,Semi_Private,4,2500.0,10000.0,3457.0,14408,6000.0,33865.0
B0612,P0380,Dermatology,CT_Scan,Referral,Private,8,4500.0,36000.0,3697.0,6272,4500.0,50469.0
B0613,P0062,Cardiology,Vaccination,Emergency,Semi_Private,2,2500.0,5000.0,1545.0,11111,600.0,18256.0
B0614,P0296,Pediatrics,Vaccination,Planned,General_Ward,4,1200.0,4800.0,7674.0,5476,600.0,18550.0
B0615,P0309,Pediatrics,Blood_Test,Planned,Private,15,4500.0,67500.0,4405.0,2950,700.0,75555.0
B0616,P0208,Pulmonology,Ultrasound,Planned,Semi_Private,11,2500.0,27500.0,1086.0,13761,1800.0,44147.0
B0617,P0296,ENT,Vaccination,Planned,Private,15,4500.0,67500.0,7462.0,3062,600.0,78624.0
B0618,P0127,Neurology,ECG,Referral,General_Ward,8,1200.0,9600.0,3539.0,4624,800.0,18563.0
B0619,P0265,Orthopedics,ECG,Planned,General_Ward,2,1200.0,2400.0,647.0,5182,800.0,9029.0
B0620,P0411,Orthopedics,Physiotherapy,Planned,General_Ward,15,0.0,0.0,8478.0,7486,6000.0,17464.0
B0621,P0209,Dermatology,MRI_scan,Planned,Semi_Private,6,2500.0,15000.0,5654.0,5096,6000.0,31750.0
B0622,P0259,Cardiology,Ultrasound,Referral,General_Ward,15,1200.0,18000.0,9463.0,5367,1800.0,34630.0
B0623,P0312,Cardiology,ECG,Planned,General_Ward,13,1200.0,15600.0,1052.0,6049,800.0,23501.0
B0624,P0181,Orthopedics,MRI_scan,Planned,ICU,2,10000.0,20000.0,7632.0,11551,6000.0,45183.0
B0625,P0260,Orthopedics,MRI_scan,Referral,Private,14,4500.0,63000.0,6671.0,2909,6000.0,78580.0
B0626,P0296,Orthopedics,CT_Scan,Planned,Semi_Private,15,2500.0,37500.0,0.0,14580,4500.0,56580.0
B0627,P0180,Pulmonology,ECG,Emergency,Private,2,4500.0,9000.0,2202.0,764,800.0,12766.0
B0628,P0312,Cardiology,CT_Scan,Emergency,General_Ward,1,1200.0,1200.0,8273.0,13981,4500.0,27954.0
B0629,P0321,General_Medicine,Minor_Surgery,Emergency,Semi_Private,2,2500.0,5000.0,7396.0,3116,12000.0,27512.0
B0630,P0206,Cardiology,Vaccination,Planned,General_Ward,14,1200.0,16800.0,1977.0,10904,600.0,30281.0
B0631,P0200,Orthopedics,Vaccination,Emergency,General_Ward,11,1200.0,13200.0,2953.0,3694,600.0,20447.0
B0632,P0327,General_Medicine,Consultation,Emergency,General_Ward,14,1200.0,16800.0,6240.0,7465,1000.0,31505.0
B0633,P0030,Pulmonology,Minor_Surgery,Planned,Private,12,4500.0,54000.0,3975.0,11198,12000.0,81173.0
B0634,P0025,Dermatology,CT_Scan,Planned,General_Ward,5,1200.0,6000.0,3300.0,7645,4500.0,21445.0
B0635,P0039,Pediatrics,CT_Scan,Planned,General_Ward,12,1200.0,14400.0,1304.0,5036,4500.0,25240.0
B0636,P0208,Cardiology,Physiotherapy,Planned,Private,9,4500.0,40500.0,7814.0,2271,1500.0,52085.0
B0637,P0331,Cardiology,Vaccination,Planned,General_Ward,13,1200.0,15600.0,2259.0,14722,600.0,33181.0
B0638,P0153,Orthopedics,Ultrasound,Planned,Semi_Private,12,2500.0,30000.0,7159.0,9967,1800.0,48926.0
B0639,P0033,Dermatology,CT_Scan,Planned,Private,10,4500.0,45000.0,1360.0,13034,4500.0,63894.0
B0640,P0447,General_Medicine,ECG,Emergency,Semi_Private,6,2500.0,15000.0,1013.0,8004,800.0,24817.0
B0641,P0310,Neurology,CT_Scan,Planned,General_Ward,6,1200.0,7200.0,5197.0,4371,4500.0,21268.0
B0642,P0116,Dermatology,Vaccination,Emergency,ICU,13,10000.0,130000.0,6154.0,13972,600.0,150726.0
B0643,P0435,Neurology,Minor_Surgery,Emergency,Semi_Private,1,2500.0,2500.0,1858.0,11754,12000.0,28112.0
B0644,P0112,General_Medicine,Physiotherapy,Emergency,ICU,6,10000.0,60000.0,2543.0,3216,1500.0,67259.0
B0645,P0469,Pulmonology,ECG,Planned,General_Ward,1,1200.0,1200.0,3435.0,3952,800.0,9387.0
B0646,P0180,Neurology,CT_Scan,Planned,General_Ward,12,1200.0,14400.0,1687.0,11903,4500.0,32490.0
B0647,P0436,ENT,Physiotherapy,Emergency,Semi_Private,11,2500.0,27500.0,6385.0,12669,1500.0,48054.0
B0648,P0202,Pediatrics,X_Ray,Planned,ICU,11,10000.0,110000.0,7455.0,9011,1200.0,127666.0
B0649,P0440,Pulmonology,Minor_Surgery,Referral,General_Ward,5,1200.0,6000.0,8360.0,8855,12000.0,35215.0
B0650,P0114,ENT,ECG,Referral,General_Ward,1,1200.0,1200.0,4250.0,1874,800.0,8124.0
B0651,P0073,Dermatology,Blood_Test,Planned,Semi_Private,9,2500.0,22500.0,1406.0,8154,700.0,32760.0
B0652,P0001,Pediatrics,MRI_scan,Referral,Private,9,4500.0,40500.0,9204.0,8503,6000.0,64207.0
B0653,P0226,Cardiology,Blood_Test,Referral,Private,4,4500.0,18000.0,5363.0,14733,700.0,38796.0
B0654,P0031,Neurology,Consultation,Planned,Private,1,4500.0,4500.0,3782.0,7991,1000.0,17273.0
B0655,P0277,Orthopedics,Blood_Test,Referral,Private,2,4500.0,9000.0,3558.0,12628,700.0,25886.0
B0656,P0024,Cardiology,Vaccination,Emergency,General_Ward,13,1200.0,15600.0,2161.0,2117,600.0,20478.0
B0657,P0019,General_Medicine,Blood_Test,Emergency,General_Ward,10,1200.0,12000.0,3368.0,3422,700.0,19490.0
B0658,P0061,Pediatrics,CT_Scan,Planned,Private,12,4500.0,54000.0,9475.0,5768,4500.0,73743.0
B0659,P0112,Orthopedics,Minor_Surgery,Emergency,ICU,1,10000.0,10000.0,6828.0,14007,12000.0,42835.0
B0660,P0444,ENT,X_Ray,Planned,General_Ward,8,1200.0,9600.0,2684.0,9750,1200.0,23234.0
B0661,P0124,Orthopedics,ECG,Planned,General_Ward,2,1200.0,2400.0,6986.0,6240,800.0,16426.0
B0662,P0469,General_Medicine,X_Ray,Referral,ICU,9,10000.0,90000.0,8506.0,7519,1200.0,107225.0
B0663,P0409,Cardiology,Minor_Surgery,Planned,Private,8,4500.0,36000.0,9195.0,8516,12000.0,65711.0
B0664,P0020,Cardiology,Consultation,Referral,General_Ward,12,1200.0,14400.0,5555.0,6488,1000.0,27443.0
B0665,P0117,Dermatology,ECG,Emergency,Semi_Private,5,2500.0,12500.0,9989.0,2400,800.0,25689.0
B0666,P0154,Cardiology,MRI_scan,Emergency,General_Ward,1,1200.0,1200.0,8486.0,12604,6000.0,28290.0
B0667,P0127,Pulmonology,MRI_scan,Planned,General_Ward,7,1200.0,8400.0,4873.0,11530,6000.0,30803.0
B0668,P0007,General_Medicine,CT_Scan,Planned,Private,8,4500.0,36000.0,7729.0,13343,4500.0,61572.0
B0669,P0451,ENT,Physiotherapy,Planned,Semi_Private,8,2500.0,20000.0,1849.0,8128,1500.0,31477.0
B0670,P0488,General_Medicine,Vaccination,Planned,Semi_Private,4,2500.0,10000.0,4392.0,6461,600.0,21453.0
B0671,P0312,Pulmonology,Minor_Surgery,Emergency,General_Ward,13,1200.0,15600.0,4341.0,9227,12000.0,41168.0
B0672,P0496,ENT,Vaccination,Emergency,General_Ward,12,1200.0,14400.0,5917.0,13779,600.0,34696.0
B0673,P0072,ENT,Ultrasound,Referral,General_Ward,8,1200.0,9600.0,6517.0,5192,1800.0,23109.0
B0674,P0094,Neurology,Physiotherapy,Planned,Semi_Private,14,2500.0,35000.0,8408.0,11692,1500.0,56600.0
B0675,P0011,Cardiology,Consultation,Referral,General_Ward,9,1200.0,10800.0,3852.0,14863,1000.0,30515.0
B0676,P0456,Cardiology,Ultrasound,Referral,General_Ward,15,1200.0,18000.0,7037.0,2255,1800.0,29092.0
B0677,P0249,Cardiology,X_Ray,Planned,General_Ward,7,1200.0,8400.0,7138.0,2241,1200.0,18979.0
B0678,P0485,Pulmonology,Blood_Test,Referral,General_Ward,11,1200.0,13200.0,5400.0,7331,700.0,26631.0
B0679,P0401,Pediatrics,ECG,Emergency,General_Ward,12,1200.0,14400.0,1709.0,5954,800.0,22863.0
B0680,P0072,Pediatrics,MRI_scan,Emergency,General_Ward,1,1200.0,1200.0,1712.0,14517,6000.0,23429.0
B0681,P0175,Cardiology,Blood_Test,Planned,Private,15,4500.0,67500.0,9687.0,11430,700.0,89317.0
B0682,P0428,Cardiology,CT_Scan,Planned,Semi_Private,6,2500.0,15000.0,8737.0,10803,4500.0,39040.0
B0683,P0192,Cardiology,Ultrasound,Planned,General_Ward,15,1200.0,18000.0,4499.0,11541,1800.0,35840.0
B0684,P0414,Orthopedics,Ultrasound,Planned,Private,12,4500.0,54000.0,772.0,2567,1800.0,59139.0
B0685,P0043,Orthopedics,Minor_Surgery,Planned,General_Ward,3,1200.0,3600.0,5523.0,678,12000.0,21801.0
B0686,P0235,Dermatology,CT_Scan,Planned,General_Ward,8,1200.0,9600.0,2329.0,9741,4500.0,26170.0
B0687,P0016,Cardiology,X_Ray,Referral,General_Ward,2,1200.0,2400.0,1174.0,11320,1200.0,16094.0
B0688,P0119,General_Medicine,Ultrasound,Planned,General_Ward,6,1200.0,7200.0,689.0,10178,1800.0,19867.0
B0689,P0260,Cardiology,Minor_Surgery,Referral,Semi_Private,13,2500.0,32500.0,9751.0,6921,12000.0,61172.0
B0690,P0341,Neurology,CT_Scan,Planned,General_Ward,13,1200.0,15600.0,8947.0,7230,4500.0,36277.0
B0691,P0050,Orthopedics,Physiotherapy,Planned,Semi_Private,8,2500.0,20000.0,2112.0,12439,1500.0,36051.0
B0692,P0034,Pediatrics,Ultrasound,Emergency,Semi_Private,15,2500.0,37500.0,7816.0,6622,1800.0,53738.0
B0693,P0254,Pediatrics,CT_Scan,Emergency,Private,13,4500.0,58500.0,1068.0,13891,4500.0,77959.0
B0694,P0232,ENT,Consultation,Emergency,General_Ward,7,1200.0,8400.0,5785.0,12097,1000.0,27282.0
B0695,P0291,General_Medicine,Ultrasound,Referral,Semi_Private,14,2500.0,35000.0,4032.0,6818,1800.0,47650.0
B0696,P0064,ENT,ECG,Planned,Semi_Private,11,2500.0,27500.0,1007.0,14220,800.0,43527.0
B0697,P0269,Dermatology,Ultrasound,Planned,General_Ward,6,1200.0,7200.0,5592.0,2449,1800.0,17041.0
B0698,P0363,Cardiology,ECG,Emergency,General_Ward,6,1200.0,7200.0,3414.0,9573,800.0,20987.0
B0699,P0027,Cardiology,CT_Scan,Planned,Private,5,4500.0,22500.0,2389.0,6791,4500.0,36180.0
B0700,P0456,Neurology,Vaccination,Planned,Private,9,4500.0,40500.0,7519.0,5302,600.0,53921.0
B0701,P0425,ENT,Blood_Test,Referral,General_Ward,1,1200.0,1200.0,4065.0,5819,700.0,11784.0
B0702,P0298,Pulmonology,MRI_scan,Emergency,Private,15,4500.0,67500.0,6107.0,5958,6000.0,85565.0
B0703,P0413,Pediatrics,Ultrasound,Planned,ICU,15,10000.0,150000.0,4180.0,8014,1800.0,163994.0
B0704,P0254,Pulmonology,ECG,Planned,General_Ward,14,1200.0,16800.0,1401.0,1811,800.0,20812.0
B0705,P0144,Orthopedics,Vaccination,Planned,Semi_Private,11,2500.0,27500.0,2247.0,6916,600.0,37263.0
B0706,P0235,Orthopedics,CT_Scan,Referral,Semi_Private,6,2500.0,15000.0,6400.0,1923,4500.0,27823.0
B0707,P0181,Orthopedics,Blood_Test,Planned,General_Ward,15,1200.0,18000.0,5716.0,4393,700.0,28809.0
B0708,P0046,ENT,CT_Scan,Planned,Private,14,4500.0,63000.0,5292.0,13425,4500.0,86217.0
B0709,P0453,Pulmonology,Ultrasound,Planned,Semi_Private,2,2500.0,5000.0,6773.0,5367,1800.0,18940.0
B0710,P0293,Pulmonology,Minor_Surgery,Emergency,Private,13,4500.0,58500.0,5425.0,9350,12000.0,85275.0
B0711,P0360,Pulmonology,Consultation,Referral,Private,8,4500.0,36000.0,5965.0,13659,1000.0,56624.0
B0712,P0232,Dermatology,Minor_Surgery,Emergency,Semi_Private,11,2500.0,27500.0,3530.0,12388,12000.0,55418.0
B0713,P0490,Neurology,Physiotherapy,Emergency,Private,13,4500.0,58500.0,6807.0,2696,1500.0,69503.0
B0714,P0444,ENT,Minor_Surgery,Planned,General_Ward,15,1200.0,18000.0,6028.0,10112,12000.0,46140.0
B0715,P0202,Pulmonology,Minor_Surgery,Emergency,ICU,2,10000.0,20000.0,738.0,14395,12000.0,47133.0
B0716,P0143,Dermatology,Consultation,Emergency,General_Ward,6,1200.0,7200.0,7980.0,14175,1000.0,30355.0
B0717,P0405,Neurology,Ultrasound,Emergency,General_Ward,11,1200.0,13200.0,7800.0,4010,1800.0,26810.0
B0718,P0290,Cardiology,Blood_Test,Planned,General_Ward,4,1200.0,4800.0,7664.0,14046,700.0,27210.0
B0719,P0214,ENT,Minor_Surgery,Planned,General_Ward,1,1200.0,1200.0,4915.0,7549,12000.0,25664.0
B0720,P0214,Neurology,Ultrasound,Emergency,Semi_Private,9,2500.0,22500.0,5324.0,14445,1800.0,44069.0
B0721,P0009,Pulmonology,Vaccination,Planned,Semi_Private,12,2500.0,30000.0,5352.0,11361,600.0,47313.0
B0722,P0154,Orthopedics,Vaccination,Emergency,General_Ward,14,1200.0,16800.0,3663.0,11710,600.0,32773.0
B0723,P0333,Cardiology,Physiotherapy,Planned,General_Ward,9,1200.0,10800.0,9321.0,11629,1500.0,33250.0
B0724,P0246,Neurology,Ultrasound,Planned,Semi_Private,6,2500.0,15000.0,4526.0,8839,1800.0,30165.0
B0725,P0402,Dermatology,Vaccination,Planned,Semi_Private,11,2500.0,27500.0,3702.0,12613,600.0,44415.0
B0726,P0257,Pulmonology,Physiotherapy,Planned,General_Ward,14,1200.0,16800.0,3184.0,8916,1500.0,30400.0
B0727,P0279,Dermatology,MRI_scan,Planned,Semi_Private,6,2500.0,15000.0,2544.0,464,6000.0,24008.0
B0728,P0289,General_Medicine,CT_Scan,Planned,Private,3,4500.0,13500.0,5532.0,12915,4500.0,36447.0
B0729,P0431,ENT,Physiotherapy,Planned,ICU,5,10000.0,50000.0,7251.0,7391,1500.0,66142.0
B0730,P0095,Orthopedics,CT_Scan,Emergency,Private,13,4500.0,58500.0,2102.0,14766,4500.0,79868.0
B0731,P0378,General_Medicine,ECG,Emergency,General_Ward,9,1200.0,10800.0,4474.0,3965,800.0,20039.0
B0732,P0277,Pediatrics,Minor_Surgery,Emergency,General_Ward,1,1200.0,1200.0,9684.0,14000,12000.0,36884.0
B0733,P0215,General_Medicine,ECG,Planned,General_Ward,1,1200.0,1200.0,8443.0,5038,800.0,15481.0
B0734,P0208,Orthopedics,CT_Scan,Planned,General_Ward,3,0.0,0.0,2036.0,8434,4500.0,14970.0
B0735,P0061,ENT,Ultrasound,Planned,General_Ward,7,1200.0,8400.0,5495.0,2008,1800.0,17703.0
B0736,P0283,Neurology,X_Ray,Emergency,Semi_Private,14,2500.0,35000.0,2523.0,8254,1200.0,46977.0
B0737,P0229,ENT,CT_Scan,Referral,Semi_Private,7,2500.0,17500.0,8226.0,10014,4500.0,40240.0
B0738,P0447,Orthopedics,Blood_Test,Emergency,General_Ward,10,1200.0,12000.0,8981.0,5130,700.0,26811.0
B0739,P0102,Cardiology,Vaccination,Planned,Private,4,4500.0,18000.0,1406.0,5120,600.0,25126.0
B0740,P0180,Cardiology,X_Ray,Referral,General_Ward,11,1200.0,13200.0,7468.0,5391,1200.0,27259.0
B0741,P0448,Pediatrics,Vaccination,Planned,General_Ward,6,1200.0,7200.0,9023.0,3637,600.0,20460.0
B0742,P0142,Pediatrics,Consultation,Planned,Semi_Private,6,2500.0,15000.0,5866.0,3019,1000.0,24885.0
B0743,P0357,Orthopedics,Blood_Test,Planned,General_Ward,2,1200.0,2400.0,3912.0,10702,700.0,17714.0
B0744,P0431,Pulmonology,CT_Scan,Planned,Semi_Private,10,2500.0,25000.0,6502.0,4268,4500.0,40270.0
B0745,P0263,General_Medicine,Physiotherapy,Planned,General_Ward,1,1200.0,1200.0,5792.0,12630,1500.0,21122.0
B0746,P0332,General_Medicine,X_Ray,Emergency,Semi_Private,13,2500.0,32500.0,6835.0,6512,1200.0,47047.0
B0747,P0156,General_Medicine,Physiotherapy,Planned,General_Ward,7,1200.0,8400.0,603.0,2359,1500.0,12862.0
B0748,P0387,Dermatology,Blood_Test,Planned,General_Ward,2,1200.0,2400.0,6413.0,6783,700.0,16296.0
B0749,P0406,General_Medicine,Minor_Surgery,Planned,Private,13,4500.0,58500.0,9427.0,6446,12000.0,86373.0
B0750,P0243,Neurology,ECG,Planned,General_Ward,1,0.0,0.0,7147.0,11525,800.0,19472.0
B0751,P0085,Pediatrics,Consultation,Emergency,Private,8,4500.0,36000.0,4075.0,13827,1000.0,54902.0
B0752,P0191,General_Medicine,Vaccination,Referral,General_Ward,9,1200.0,10800.0,4349.0,6243,600.0,21992.0
B0753,P0285,Cardiology,Ultrasound,Planned,General_Ward,14,1200.0,16800.0,561.0,12923,1800.0,32084.0
B0754,P0404,Cardiology,Consultation,Planned,Private,11,4500.0,49500.0,9411.0,536,1000.0,60447.0
B0755,P0067,Orthopedics,ECG,Emergency,ICU,13,10000.0,130000.0,4693.0,1087,800.0,136580.0
B0756,P0475,Orthopedics,X_Ray,Emergency,Private,5,4500.0,22500.0,1753.0,820,1200.0,26273.0
B0757,P0213,Pulmonology,MRI_scan,Emergency,Semi_Private,5,2500.0,12500.0,5871.0,4607,6000.0,28978.0
B0758,P0361,ENT,MRI_scan,Planned,General_Ward,9,1200.0,10800.0,3124.0,2893,6000.0,22817.0
B0759,P0417,ENT,Blood_Test,Referral,General_Ward,8,1200.0,9600.0,1254.0,11680,700.0,23234.0
B0760,P0094,Pediatrics,CT_Scan,Planned,Semi_Private,12,2500.0,30000.0,6556.0,12856,4500.0,53912.0
B0761,P0048,Cardiology,Blood_Test,Planned,Private,1,4500.0,4500.0,1911.0,12287,700.0,19398.0
B0762,P0359,General_Medicine,CT_Scan,Planned,Private,2,4500.0,9000.0,3689.0,3589,4500.0,20778.0
B0763,P0297,ENT,ECG,Referral,General_Ward,6,1200.0,7200.0,3763.0,8402,800.0,20165.0
B0764,P0123,Pulmonology,CT_Scan,Planned,Semi_Private,11,2500.0,27500.0,954.0,6203,4500.0,39157.0
B0765,P0137,Neurology,Minor_Surgery,Planned,General_Ward,6,1200.0,7200.0,9713.0,10336,12000.0,39249.0
B0766,P0176,Dermatology,Ultrasound,Emergency,Semi_Private,1,2500.0,2500.0,7036.0,6095,1800.0,17431.0
B0767,P0486,Orthopedics,Minor_Surgery,Planned,General_Ward,7,1200.0,8400.0,6458.0,6970,12000.0,33828.0
B0768,P0215,Dermatology,MRI_scan,Planned,Private,9,4500.0,40500.0,790.0,5716,6000.0,53006.0
B0769,P0182,ENT,Vaccination,Planned,Private,1,4500.0,4500.0,7547.0,8726,600.0,21373.0
B0770,P0023,Pulmonology,ECG,Planned,Semi_Private,7,2500.0,17500.0,3417.0,2937,800.0,24654.0
B0771,P0193,Neurology,MRI_scan,Emergency,Semi_Private,10,2500.0,25000.0,6194.0,3309,6000.0,40503.0
B0772,P0149,Dermatology,MRI_scan,Planned,Private,6,4500.0,27000.0,4447.0,11940,6000.0,49387.0
B0773,P0416,Orthopedics,Blood_Test,Planned,Private,3,4500.0,13500.0,7266.0,14482,700.0,35948.0
B0774,P0365,Pulmonology,Ultrasound,Planned,Private,11,4500.0,49500.0,8117.0,5484,1800.0,64901.0
B0775,P0154,Neurology,Blood_Test,Referral,Private,15,4500.0,67500.0,7608.0,7833,700.0,83641.0
B0776,P0033,Neurology,ECG,Emergency,Private,3,4500.0,13500.0,6680.0,1501,800.0,22481.0
B0777,P0188,Dermatology,Consultation,Planned,General_Ward,12,1200.0,14400.0,5411.0,1930,1000.0,22741.0
B0778,P0393,Dermatology,MRI_scan,Referral,ICU,6,10000.0,60000.0,2613.0,14064,6000.0,82677.0
B0779,P0081,Orthopedics,Blood_Test,Planned,General_Ward,14,1200.0,16800.0,9653.0,2465,700.0,29618.0
B0780,P0070,Orthopedics,Ultrasound,Emergency,General_Ward,9,1200.0,10800.0,7546.0,4382,1800.0,24528.0
B0781,P0430,Pediatrics,Blood_Test,Planned,Private,1,4500.0,4500.0,3080.0,10056,700.0,18336.0
B0782,P0007,General_Medicine,CT_Scan,Emergency,General_Ward,7,1200.0,8400.0,9277.0,4635,4500.0,26812.0
B0783,P0128,Dermatology,Physiotherapy,Planned,Semi_Private,2,2500.0,5000.0,8333.0,5861,1500.0,20694.0
B0784,P0007,General_Medicine,Physiotherapy,Planned,Private,3,4500.0,13500.0,2014.0,12407,1500.0,29421.0
B0785,P0121,Dermatology,Blood_Test,Planned,Private,14,4500.0,63000.0,7689.0,13698,700.0,85087.0
B0786,P0229,Neurology,ECG,Planned,Semi_Private,7,2500.0,17500.0,4000.0,11010,800.0,33310.0
B0787,P0453,ENT,Blood_Test,Referral,General_Ward,7,1200.0,8400.0,7073.0,5882,700.0,22055.0
B0788,P0161,Pediatrics,Minor_Surgery,Emergency,General_Ward,5,1200.0,6000.0,6626.0,11449,12000.0,36075.0
B0789,P0114,ENT,Vaccination,Planned,General_Ward,12,1200.0,14400.0,2367.0,2080,600.0,19447.0
B0790,P0138,ENT,Physiotherapy,Emergency,General_Ward,1,1200.0,1200.0,9283.0,12823,1500.0,24806.0
B0791,P0209,Orthopedics,MRI_scan,Emergency,General_Ward,12,1200.0,14400.0,1122.0,10663,6000.0,32185.0
B0792,P0360,Orthopedics,CT_Scan,Planned,Semi_Private,4,2500.0,10000.0,906.0,9137,4500.0,24543.0
B0793,P0284,Neurology,Blood_Test,Planned,General_Ward,5,1200.0,6000.0,4544.0,14576,700.0,25820.0
B0794,P0175,Pediatrics,Ultrasound,Planned,General_Ward,2,1200.0,2400.0,5949.0,4455,1800.0,14604.0
B0795,P0302,Neurology,X_Ray,Emergency,Private,15,4500.0,67500.0,1351.0,8879,1200.0,78930.0
B0796,P0022,General_Medicine,Blood_Test,Emergency,General_Ward,3,1200.0,3600.0,1307.0,2646,700.0,8253.0
B0797,P0021,Orthopedics,ECG,Emergency,Private,8,4500.0,36000.0,8922.0,7410,800.0,53132.0
B0798,P0254,Pediatrics,Ultrasound,Planned,Private,6,4500.0,27000.0,4645.0,3565,1800.0,37010.0
B0799,P0367,Orthopedics,Vaccination,Emergency,Private,1,4500.0,4500.0,0.0,13914,600.0,19014.0
B0800,P0184,Neurology,Physiotherapy,Planned,Semi_Private,4,2500.0,10000.0,6527.0,4793,1500.0,22820.0
B0801,P0288,Pediatrics,X_Ray,Emergency,General_Ward,5,1200.0,6000.0,8597.0,6599,1200.0,22396.0
B0802,P0160,ENT,Consultation,Emergency,General_Ward,1,1200.0,1200.0,6465.0,8244,1000.0,16909.0
B0803,P0371,Dermatology,Ultrasound,Referral,General_Ward,8,1200.0,9600.0,1376.0,14379,1800.0,27155.0
B0804,P0164,ENT,MRI_scan,Planned,Semi_Private,10,2500.0,25000.0,8135.0,4168,6000.0,43303.0
B0805,P0415,ENT,Ultrasound,Planned,ICU,3,10000.0,30000.0,5664.0,1283,1800.0,38747.0
B0806,P0326,ENT,Consultation,Planned,General_Ward,14,1200.0,16800.0,6675.0,14542,1000.0,39017.0
B0807,P0310,General_Medicine,Ultrasound,Referral,ICU,1,10000.0,10000.0,7689.0,9149,1800.0,28638.0
B0808,P0277,Dermatology,Blood_Test,Planned,General_Ward,3,1200.0,3600.0,5699.0,13110,700.0,23109.0
B0809,P0035,Pediatrics,X_Ray,Planned,General_Ward,9,1200.0,10800.0,1686.0,8970,1200.0,22656.0
B0810,P0206,Neurology,Physiotherapy,Planned,Semi_Private,11,2500.0,27500.0,1108.0,3049,1500.0,33157.0
B0811,P0023,Orthopedics,Blood_Test,Emergency,General_Ward,15,1200.0,18000.0,0.0,8668,700.0,27368.0
B0812,P0254,Neurology,ECG,Emergency,Semi_Private,9,2500.0,22500.0,4043.0,7772,800.0,35115.0
B0813,P0170,Pediatrics,X_Ray,Referral,Private,13,4500.0,58500.0,7367.0,7391,1200.0,74458.0
B0814,P0254,Dermatology,X_Ray,Planned,General_Ward,9,1200.0,10800.0,6214.0,9906,1200.0,28120.0
B0815,P0024,Pediatrics,CT_Scan,Emergency,Semi_Private,5,2500.0,12500.0,5108.0,2122,4500.0,24230.0
B0816,P0350,Dermatology,Blood_Test,Planned,General_Ward,10,1200.0,12000.0,9814.0,5517,700.0,28031.0
B0817,P0330,ENT,Ultrasound,Planned,ICU,1,10000.0,10000.0,2819.0,10523,1800.0,25142.0
B0818,P0325,Neurology,Minor_Surgery,Planned,Semi_Private,3,2500.0,7500.0,6265.0,480,12000.0,26245.0
B0819,P0383,Pulmonology,Consultation,Referral,General_Ward,12,1200.0,14400.0,2225.0,5817,1000.0,23442.0
B0820,P0125,General_Medicine,Vaccination,Emergency,General_Ward,10,1200.0,12000.0,3309.0,10949,600.0,26858.0
B0821,P0251,General_Medicine,ECG,Planned,General_Ward,14,1200.0,16800.0,8875.0,3610,800.0,30085.0
B0822,P0426,Pulmonology,Minor_Surgery,Planned,Semi_Private,6,2500.0,15000.0,9001.0,13378,12000.0,49379.0
B0823,P0158,Cardiology,CT_Scan,Planned,General_Ward,12,1200.0,14400.0,6643.0,7679,4500.0,33222.0
B0824,P0199,Cardiology,Blood_Test,Planned,Semi_Private,4,2500.0,10000.0,3527.0,13381,700.0,27608.0
B0825,P0390,Dermatology,X_Ray,Planned,Semi_Private,6,2500.0,15000.0,8173.0,9369,1200.0,33742.0
B0826,P0200,Orthopedics,Consultation,Referral,Private,6,4500.0,27000.0,9269.0,2405,1000.0,39674.0
B0827,P0308,Orthopedics,Vaccination,Planned,General_Ward,10,1200.0,12000.0,6577.0,9902,600.0,29079.0
B0828,P0218,Orthopedics,Consultation,Emergency,General_Ward,15,1200.0,18000.0,7641.0,9961,1000.0,36602.0
B0829,P0338,Orthopedics,CT_Scan,Planned,Private,8,4500.0,36000.0,784.0,10293,4500.0,51577.0
B0830,P0484,Cardiology,Minor_Surgery,Emergency,General_Ward,7,1200.0,8400.0,2472.0,8142,12000.0,31014.0
B0831,P0410,General_Medicine,X_Ray,Planned,Private,7,4500.0,31500.0,7908.0,6200,1200.0,46808.0
B0832,P0356,Dermatology,ECG,Planned,General_Ward,5,1200.0,6000.0,2362.0,2016,800.0,11178.0
B0833,P0041,Orthopedics,ECG,Planned,Semi_Private,1,2500.0,2500.0,2331.0,9779,800.0,15410.0
B0834,P0452,Dermatology,X_Ray,Planned,General_Ward,12,1200.0,14400.0,5540.0,7216,1200.0,28356.0
B0835,P0182,Cardiology,ECG,Planned,Semi_Private,10,2500.0,25000.0,9633.0,539,800.0,35972.0
B0836,P0316,Pulmonology,Vaccination,Planned,General_Ward,8,1200.0,9600.0,3732.0,1651,600.0,15583.0
B0837,P0333,Pulmonology,Consultation,Planned,Private,1,4500.0,4500.0,1605.0,11201,1000.0,18306.0
B0838,P0439,General_Medicine,CT_Scan,Planned,Private,3,4500.0,13500.0,8834.0,9883,4500.0,36717.0
B0839,P0408,General_Medicine,Vaccination,Planned,Semi_Private,14,2500.0,35000.0,9871.0,1357,600.0,46828.0
B0840,P0375,General_Medicine,ECG,Emergency,Semi_Private,13,2500.0,32500.0,6018.0,9904,800.0,49222.0
B0841,P0351,ENT,Blood_Test,Planned,Private,2,4500.0,9000.0,4117.0,4036,700.0,17853.0
B0842,P0127,ENT,ECG,Emergency,Private,15,4500.0,67500.0,5724.0,3978,800.0,78002.0
B0843,P0214,Dermatology,Minor_Surgery,Emergency,General_Ward,12,1200.0,14400.0,8103.0,6107,12000.0,40610.0
B0844,P0424,Pulmonology,X_Ray,Emergency,ICU,14,10000.0,140000.0,9854.0,7650,1200.0,158704.0
B0845,P0466,Cardiology,X_Ray,Emergency,Semi_Private,9,2500.0,22500.0,7684.0,5813,1200.0,37197.0
B0846,P0192,Dermatology,CT_Scan,Planned,General_Ward,11,1200.0,13200.0,6279.0,5169,4500.0,29148.0
B0847,P0418,Cardiology,Vaccination,Planned,Semi_Private,6,2500.0,15000.0,4026.0,13694,600.0,33320.0
B0848,P0471,Neurology,Consultation,Emergency,Semi_Private,10,2500.0,25000.0,8072.0,10699,1000.0,44771.0
B0849,P0039,Neurology,MRI_scan,Planned,Private,8,4500.0,36000.0,8889.0,5999,6000.0,56888.0
B0850,P0239,Cardiology,Minor_Surgery,Planned,Semi_Private,14,2500.0,35000.0,7978.0,6472,12000.0,61450.0
B0851,P0485,Orthopedics,ECG,Planned,Private,8,4500.0,36000.0,6977.0,4297,800.0,48074.0
B0852,P0122,General_Medicine,Minor_Surgery,Emergency,General_Ward,7,1200.0,8400.0,5960.0,8646,12000.0,35006.0
B0853,P0239,Neurology,ECG,Emergency,Semi_Private,13,2500.0,32500.0,2259.0,2250,800.0,37809.0
B0854,P0257,Neurology,Physiotherapy,Planned,General_Ward,7,1200.0,8400.0,1394.0,950,1500.0,12244.0
B0855,P0379,Pulmonology,MRI_scan,Referral,General_Ward,8,1200.0,9600.0,4537.0,974,6000.0,21111.0
B0856,P0234,General_Medicine,MRI_scan,Referral,Private,2,4500.0,9000.0,3995.0,12958,6000.0,31953.0
B0857,P0020,Neurology,X_Ray,Emergency,Private,13,4500.0,58500.0,4919.0,14861,1200.0,79480.0
B0858,P0111,ENT,ECG,Planned,General_Ward,9,1200.0,10800.0,7735.0,9378,800.0,28713.0
B0859,P0153,Pediatrics,MRI_scan,Planned,General_Ward,3,1200.0,3600.0,6424.0,9589,6000.0,25613.0
B0860,P0134,Pulmonology,ECG,Emergency,General_Ward,5,1200.0,6000.0,2856.0,10889,800.0,20545.0
B0861,P0116,Pulmonology,Blood_Test,Planned,Semi_Private,4,2500.0,10000.0,3681.0,2165,700.0,16546.0
B0862,P0094,Pediatrics,Ultrasound,Planned,General_Ward,10,1200.0,12000.0,1664.0,1291,1800.0,16755.0
B0863,P0468,Neurology,Vaccination,Planned,Semi_Private,1,2500.0,2500.0,1686.0,1163,600.0,5949.0
B0864,P0457,Orthopedics,X_Ray,Planned,General_Ward,9,1200.0,10800.0,4624.0,13658,1200.0,30282.0
B0865,P0120,Pediatrics,Blood_Test,Planned,Private,5,4500.0,22500.0,857.0,1513,700.0,25570.0
B0866,P0496,Orthopedics,Minor_Surgery,Emergency,ICU,12,10000.0,120000.0,6389.0,12639,12000.0,151028.0
B0867,P0369,Cardiology,CT_Scan,Planned,Semi_Private,9,2500.0,22500.0,8262.0,6275,4500.0,41537.0
B0868,P0466,General_Medicine,CT_Scan,Referral,Private,1,4500.0,4500.0,1034.0,10225,4500.0,20259.0
B0869,P0232,ENT,MRI_scan,Planned,General_Ward,6,1200.0,7200.0,6893.0,9157,6000.0,29250.0
B0870,P0259,Neurology,MRI_scan,Planned,Private,6,4500.0,27000.0,4474.0,6776,6000.0,44250.0
B0871,P0164,Pediatrics,Minor_Surgery,Referral,General_Ward,8,1200.0,9600.0,8515.0,12634,12000.0,42749.0
B0872,P0326,Dermatology,X_Ray,Planned,General_Ward,5,1200.0,6000.0,5597.0,11456,1200.0,24253.0
B0873,P0492,Orthopedics,Vaccination,Planned,Semi_Private,13,2500.0,32500.0,7666.0,3544,600.0,44310.0
B0874,P0166,Pulmonology,X_Ray,Planned,General_Ward,5,1200.0,6000.0,2200.0,7634,1200.0,17034.0
B0875,P0065,Neurology,CT_Scan,Emergency,Semi_Private,15,2500.0,37500.0,3583.0,4583,4500.0,50166.0
B0876,P0083,Cardiology,Minor_Surgery,Planned,Semi_Private,15,2500.0,37500.0,6717.0,3209,12000.0,59426.0
B0877,P0294,Cardiology,Physiotherapy,Referral,Semi_Private,10,2500.0,25000.0,555.0,6375,1500.0,33430.0
B0878,P0284,Pediatrics,Vaccination,Emergency,ICU,11,10000.0,110000.0,9697.0,712,600.0,121009.0
B0879,P0431,ENT,X_Ray,Emergency,Private,13,4500.0,58500.0,6825.0,5155,1200.0,71680.0
B0880,P0457,Neurology,Ultrasound,Planned,Private,13,4500.0,58500.0,1824.0,11806,1800.0,73930.0
B0881,P0047,Neurology,X_Ray,Planned,General_Ward,5,1200.0,6000.0,3004.0,7122,1200.0,17326.0
B0882,P0255,Dermatology,MRI_scan,Emergency,General_Ward,10,1200.0,12000.0,3617.0,10924,6000.0,32541.0
B0883,P0010,ENT,Consultation,Emergency,General_Ward,2,1200.0,2400.0,7997.0,6280,1000.0,17677.0
B0884,P0344,Neurology,Ultrasound,Referral,Semi_Private,4,2500.0,10000.0,4678.0,7492,1800.0,23970.0
B0885,P0474,ENT,Ultrasound,Referral,Semi_Private,14,2500.0,35000.0,5710.0,12790,1800.0,55300.0
B0886,P0456,Cardiology,X_Ray,Planned,General_Ward,1,1200.0,1200.0,6086.0,12735,1200.0,21221.0
B0887,P0133,Pulmonology,Consultation,Planned,General_Ward,3,1200.0,3600.0,2486.0,3571,1000.0,10657.0
B0888,P0397,Cardiology,Physiotherapy,Emergency,Semi_Private,4,2500.0,10000.0,6285.0,6678,1500.0,24463.0
B0889,P0342,General_Medicine,Consultation,Referral,Semi_Private,1,2500.0,2500.0,3559.0,13997,1000.0,21056.0
B0890,P0034,Cardiology,MRI_scan,Planned,Semi_Private,15,2500.0,37500.0,5399.0,6585,6000.0,55484.0
B0891,P0409,Cardiology,Ultrasound,Emergency,General_Ward,12,1200.0,14400.0,3280.0,12143,1800.0,31623.0
B0892,P0151,General_Medicine,X_Ray,Planned,General_Ward,6,1200.0,7200.0,6717.0,12812,1200.0,27929.0
B0893,P0233,Neurology,CT_Scan,Emergency,General_Ward,2,1200.0,2400.0,8660.0,7053,4500.0,22613.0
B0894,P0368,Pulmonology,MRI_scan,Planned,Semi_Private,5,2500.0,12500.0,7725.0,4964,6000.0,31189.0
B0895,P0341,Cardiology,X_Ray,Referral,General_Ward,7,1200.0,8400.0,8158.0,10657,1200.0,28415.0
B0896,P0259,General_Medicine,Ultrasound,Planned,Private,4,4500.0,18000.0,7410.0,5120,1800.0,32330.0
B0897,P0264,Neurology,Vaccination,Planned,Semi_Private,3,2500.0,7500.0,585.0,14866,600.0,23551.0
B0898,P0174,Dermatology,Blood_Test,Planned,General_Ward,3,1200.0,3600.0,7362.0,6533,700.0,18195.0
B0899,P0242,Orthopedics,Consultation,Referral,Private,15,4500.0,67500.0,6483.0,7365,1000.0,82348.0
B0900,P0446,General_Medicine,Vaccination,Emergency,Semi_Private,9,2500.0,22500.0,865.0,10843,600.0,34808.0
B0901,P0167,General_Medicine,Vaccination,Planned,Private,3,4500.0,13500.0,9138.0,5275,600.0,28513.0
B0902,P0307,Pulmonology,Ultrasound,Referral,General_Ward,10,1200.0,12000.0,1217.0,12488,1800.0,27505.0
B0903,P0231,Neurology,Ultrasound,Planned,Private,11,4500.0,49500.0,9621.0,4185,1800.0,65106.0
B0904,P0278,Pediatrics,CT_Scan,Planned,Private,12,4500.0,54000.0,4034.0,13618,4500.0,76152.0
B0905,P0301,Orthopedics,Minor_Surgery,Planned,Semi_Private,15,2500.0,37500.0,4494.0,10824,12000.0,64818.0
B0906,P0203,Cardiology,ECG,Planned,Private,3,4500.0,13500.0,2870.0,13330,800.0,30500.0
B0907,P0151,Pediatrics,Consultation,Emergency,General_Ward,4,1200.0,4800.0,8070.0,8644,1000.0,22514.0
B0908,P0433,Neurology,Vaccination,Referral,General_Ward,6,1200.0,7200.0,5200.0,14631,600.0,27631.0
B0909,P0336,Neurology,Ultrasound,Planned,General_Ward,12,1200.0,14400.0,5347.0,5143,1800.0,26690.0
B0910,P0244,Neurology,Blood_Test,Planned,Private,5,4500.0,22500.0,5037.0,10309,700.0,38546.0
B0911,P0124,Pediatrics,Physiotherapy,Planned,Semi_Private,10,2500.0,25000.0,5181.0,7734,1500.0,39415.0
B0912,P0179,Neurology,Blood_Test,Planned,General_Ward,1,1200.0,1200.0,2614.0,12060,700.0,16574.0
B0913,P0028,Orthopedics,Minor_Surgery,Emergency,Private,8,4500.0,36000.0,9156.0,12221,12000.0,69377.0
B0914,P0355,Pediatrics,Minor_Surgery,Planned,Semi_Private,8,2500.0,20000.0,7741.0,3186,12000.0,42927.0
B0915,P0362,Dermatology,MRI_scan,Referral,Semi_Private,6,2500.0,15000.0,3421.0,12102,6000.0,36523.0
B0916,P0285,Orthopedics,Minor_Surgery,Emergency,General_Ward,4,1200.0,4800.0,4182.0,11471,12000.0,32453.0
B0917,P0443,Dermatology,X_Ray,Planned,General_Ward,5,1200.0,6000.0,4394.0,14588,1200.0,26182.0
B0918,P0248,Dermatology,Blood_Test,Planned,General_Ward,11,1200.0,13200.0,6359.0,12466,700.0,32725.0
B0919,P0358,Orthopedics,X_Ray,Emergency,General_Ward,3,1200.0,3600.0,4694.0,11140,1200.0,20634.0
B0920,P0198,Neurology,X_Ray,Planned,ICU,1,10000.0,10000.0,6015.0,9555,1200.0,26770.0
B0921,P0241,Orthopedics,ECG,Planned,General_Ward,2,1200.0,2400.0,8932.0,3865,800.0,15997.0
B0922,P0334,Pediatrics,Physiotherapy,Planned,General_Ward,10,1200.0,12000.0,847.0,14466,1500.0,28813.0
B0923,P0221,Neurology,Minor_Surgery,Planned,Semi_Private,6,2500.0,15000.0,3946.0,1432,12000.0,32378.0
B0924,P0497,Cardiology,Ultrasound,Emergency,General_Ward,12,1200.0,14400.0,3942.0,4429,1800.0,24571.0
B0925,P0412,General_Medicine,Consultation,Emergency,General_Ward,15,1200.0,18000.0,4322.0,2466,1000.0,25788.0
B0926,P0458,ENT,Physiotherapy,Planned,General_Ward,4,1200.0,4800.0,3012.0,4673,1500.0,13985.0
B0927,P0110,Cardiology,Physiotherapy,Emergency,Semi_Private,2,2500.0,5000.0,9553.0,1417,1500.0,17470.0
B0928,P0431,Pulmonology,CT_Scan,Planned,Semi_Private,2,2500.0,5000.0,6245.0,8054,4500.0,23799.0
B0929,P0004,Pediatrics,Minor_Surgery,Planned,Semi_Private,2,2500.0,5000.0,8046.0,1748,12000.0,26794.0
B0930,P0472,Neurology,X_Ray,Planned,Semi_Private,6,2500.0,15000.0,6070.0,2105,1200.0,24375.0
B0931,P0130,Pediatrics,Minor_Surgery,Planned,General_Ward,15,1200.0,18000.0,800.0,14939,12000.0,45739.0
B0932,P0366,ENT,CT_Scan,Emergency,Private,9,4500.0,40500.0,681.0,9249,4500.0,54930.0
B0933,P0064,Pulmonology,X_Ray,Emergency,General_Ward,14,1200.0,16800.0,879.0,11446,1200.0,30325.0
B0934,P0285,Neurology,Consultation,Planned,Private,1,4500.0,4500.0,7176.0,5309,1000.0,17985.0
B0935,P0345,Pulmonology,Minor_Surgery,Planned,General_Ward,14,1200.0,16800.0,7929.0,5500,12000.0,42229.0
B0936,P0095,Dermatology,Minor_Surgery,Planned,Semi_Private,3,2500.0,7500.0,6490.0,10231,12000.0,36221.0
B0937,P0431,Pulmonology,Ultrasound,Referral,Semi_Private,1,2500.0,2500.0,9838.0,8687,1800.0,22825.0
B0938,P0499,General_Medicine,Ultrasound,Planned,Private,10,4500.0,45000.0,5827.0,9366,1800.0,61993.0
B0939,P0238,Orthopedics,Physiotherapy,Planned,Semi_Private,14,2500.0,35000.0,7606.0,4295,1500.0,48401.0
B0940,P0015,Orthopedics,Blood_Test,Planned,General_Ward,2,1200.0,2400.0,2904.0,3959,700.0,9963.0
B0941,P0166,Orthopedics,Minor_Surgery,Planned,General_Ward,4,1200.0,4800.0,7227.0,1843,12000.0,25870.0
B0942,P0353,ENT,MRI_scan,Emergency,Semi_Private,8,2500.0,20000.0,1218.0,12637,6000.0,39855.0
B0943,P0242,Dermatology,X_Ray,Planned,Semi_Private,9,2500.0,22500.0,8507.0,9354,1200.0,41561.0
B0944,P0177,General_Medicine,MRI_scan,Planned,Private,10,4500.0,45000.0,7163.0,9048,6000.0,67211.0
B0945,P0200,Dermatology,Minor_Surgery,Planned,Semi_Private,10,2500.0,25000.0,8459.0,5006,12000.0,50465.0
B0946,P0040,Pediatrics,Minor_Surgery,Planned,ICU,1,10000.0,10000.0,5121.0,3225,12000.0,30346.0
B0947,P0400,Cardiology,ECG,Referral,General_Ward,8,1200.0,9600.0,9315.0,3517,800.0,23232.0
B0948,P0102,Cardiology,Vaccination,Referral,Semi_Private,5,2500.0,12500.0,9268.0,13837,600.0,36205.0
B0949,P0364,Cardiology,CT_Scan,Emergency,General_Ward,3,1200.0,3600.0,2785.0,8452,4500.0,19337.0
B0950,P0489,Pulmonology,MRI_scan,Planned,General_Ward,4,1200.0,4800.0,726.0,11621,6000.0,23147.0
B0951,P0290,General_Medicine,Consultation,Planned,General_Ward,9,1200.0,10800.0,2982.0,10618,1000.0,25400.0
B0952,P0383,Pediatrics,MRI_scan,Planned,General_Ward,8,1200.0,9600.0,4656.0,4243,6000.0,24499.0
B0953,P0134,ENT,X_Ray,Emergency,Private,11,4500.0,49500.0,6648.0,8880,1200.0,66228.0
B0954,P0359,Pediatrics,Physiotherapy,Emergency,Semi_Private,2,2500.0,5000.0,7356.0,7632,1500.0,21488.0
B0955,P0488,Pediatrics,X_Ray,Referral,General_Ward,2,1200.0,2400.0,8772.0,10060,1200.0,22432.0
B0956,P0241,Pulmonology,CT_Scan,Planned,Semi_Private,12,2500.0,30000.0,2788.0,5963,4500.0,43251.0
B0957,P0343,ENT,Minor_Surgery,Referral,Private,14,4500.0,63000.0,2824.0,7452,12000.0,85276.0
B0958,P0437,Cardiology,Ultrasound,Emergency,Semi_Private,13,2500.0,32500.0,3963.0,12440,1800.0,50703.0
B0959,P0114,Cardiology,Minor_Surgery,Planned,General_Ward,3,1200.0,3600.0,9345.0,11772,12000.0,36717.0
B0960,P0149,ENT,MRI_scan,Planned,Semi_Private,15,2500.0,37500.0,1333.0,3274,6000.0,48107.0
B0961,P0355,Cardiology,Minor_Surgery,Emergency,Semi_Private,6,2500.0,15000.0,651.0,7136,12000.0,34787.0
B0962,P0239,Cardiology,X_Ray,Planned,Semi_Private,3,2500.0,7500.0,8500.0,895,1200.0,18095.0
B0963,P0413,General_Medicine,ECG,Emergency,Private,6,4500.0,27000.0,3015.0,13644,800.0,44459.0
B0964,P0483,Cardiology,Vaccination,Planned,General_Ward,13,1200.0,15600.0,3172.0,741,600.0,20113.0
B0965,P0002,Pulmonology,Minor_Surgery,Emergency,ICU,10,10000.0,100000.0,8652.0,772,12000.0,121424.0
B0966,P0353,Pediatrics,X_Ray,Planned,General_Ward,12,1200.0,14400.0,7268.0,8279,1200.0,31147.0
B0967,P0282,Dermatology,X_Ray,Emergency,Private,8,4500.0,36000.0,1003.0,5990,1200.0,44193.0
B0968,P0300,Pediatrics,X_Ray,Planned,Semi_Private,1,2500.0,2500.0,8627.0,2140,1200.0,14467.0
B0969,P0480,Dermatology,Physiotherapy,Emergency,Private,7,4500.0,31500.0,6644.0,6536,1500.0,46180.0
B0970,P0018,Pediatrics,Blood_Test,Referral,General_Ward,4,1200.0,4800.0,2905.0,1298,700.0,9703.0
B0971,P0354,Neurology,Blood_Test,Emergency,ICU,6,10000.0,60000.0,4443.0,4148,700.0,69291.0
B0972,P0030,Pediatrics,Physiotherapy,Planned,General_Ward,10,1200.0,12000.0,3441.0,10584,1500.0,27525.0
B0973,P0108,Pulmonology,Minor_Surgery,Emergency,Semi_Private,9,2500.0,22500.0,6346.0,12512,12000.0,53358.0
B0974,P0023,General_Medicine,MRI_scan,Planned,ICU,7,10000.0,70000.0,651.0,11532,6000.0,88183.0
B0975,P0048,General_Medicine,Blood_Test,Planned,Semi_Private,9,2500.0,22500.0,6990.0,4360,700.0,34550.0
B0976,P0439,Dermatology,Ultrasound,Planned,Semi_Private,9,2500.0,22500.0,5404.0,13827,1800.0,43531.0
B0977,P0212,ENT,Ultrasound,Planned,General_Ward,9,1200.0,10800.0,9528.0,11434,1800.0,33562.0
B0978,P0494,Cardiology,Blood_Test,Planned,Semi_Private,9,2500.0,22500.0,1795.0,10221,700.0,35216.0
B0979,P0127,ENT,Blood_Test,Planned,Private,3,4500.0,13500.0,9739.0,14206,700.0,38145.0
B0980,P0023,Pediatrics,CT_Scan,Planned,General_Ward,3,1200.0,3600.0,3680.0,2080,4500.0,13860.0
B0981,P0040,Pediatrics,MRI_scan,Referral,ICU,10,10000.0,100000.0,638.0,8534,6000.0,115172.0
B0982,P0064,Dermatology,Physiotherapy,Planned,Semi_Private,10,2500.0,25000.0,4076.0,11674,1500.0,42250.0
B0983,P0072,Dermatology,Physiotherapy,Emergency,General_Ward,10,1200.0,12000.0,2902.0,7163,1500.0,23565.0
B0984,P0398,Pediatrics,Minor_Surgery,Planned,Semi_Private,12,2500.0,30000.0,7294.0,2512,12000.0,51806.0
B0985,P0380,ENT,Minor_Surgery,Emergency,General_Ward,12,1200.0,14400.0,6915.0,3521,12000.0,36836.0
B0986,P0471,General_Medicine,CT_Scan,Referral,General_Ward,6,1200.0,7200.0,7607.0,1214,4500.0,20521.0
B0987,P0366,General_Medicine,ECG,Planned,General_Ward,9,1200.0,10800.0,2026.0,8804,800.0,22430.0
B0988,P0078,Pediatrics,Consultation,Emergency,Private,9,4500.0,40500.0,8287.0,3659,1000.0,53446.0
B0989,P0002,Cardiology,Blood_Test,Planned,General_Ward,11,1200.0,13200.0,6646.0,1339,700.0,21885.0
B0990,P0378,Dermatology,Ultrasound,Referral,Semi_Private,1,2500.0,2500.0,5754.0,12606,1800.0,22660.0
B0991,P0004,ENT,X_Ray,Planned,General_Ward,8,0.0,0.0,7081.0,3424,1200.0,11705.0
B0992,P0216,Cardiology,CT_Scan,Emergency,Private,15,4500.0,67500.0,1695.0,13593,4500.0,87288.0
B0993,P0243,Pulmonology,X_Ray,Planned,Semi_Private,3,2500.0,7500.0,2404.0,14158,1200.0,25262.0
B0994,P0356,General_Medicine,Ultrasound,Emergency,Private,2,4500.0,9000.0,1295.0,13652,1800.0,25747.0
B0995,P0265,Neurology,CT_Scan,Planned,General_Ward,4,1200.0,4800.0,2195.0,7705,4500.0,19200.0
B0996,P0016,Pediatrics,Physiotherapy,Planned,Semi_Private,4,2500.0,10000.0,4569.0,11058,1500.0,27127.0
B0997,P0352,ENT,Ultrasound,Emergency,General_Ward,6,1200.0,7200.0,6277.0,5425,1800.0,20702.0
B0998,P0160,General_Medicine,Physiotherapy,Emergency,Private,8,4500.0,36000.0,1360.0,8382,1500.0,47242.0
B0999,P0027,Pediatrics,Consultation,Emergency,General_Ward,11,1200.0,13200.0,2773.0,4086,1000.0,21059.0
B1000,P0015,General_Medicine,ECG,Emergency,Semi_Private,15,2500.0,37500.0,1779.0,4735,800.0,44814.0
