Bill_ID,Patient_ID,Department,Treatment,Admission_Type,Room_Type,Stay_Days,Medicine_Cost,Test_Cost,Total_Bill
B0001,P0366,Cardiology,Blood Test,Planned,Semi-Private,10,8544.0,3182,37426.0
B0002,P0383,Pediatrics,Ultrasound,Emergency,General Ward,3,7265.0,10443,23108.0
B0003,P0323,Pediatrics,Vaccination,Emergency,General Ward,10,9902.0,2766,25268.0
B0004,P0477,General Medicine,Blood Test,Planned,Private,14,7379.0,12164,83243.0
B0005,P0099,Cardiology,X-Ray,Emergency,Semi-Private,12,3778.0,3976,38954.0
B0006,P0231,ENT,Ultrasound,Emergency,General Ward,8,1848.0,8509,21757.0
B0007,P0018,Pediatrics,MRI Scan,Planned,Semi-Private,14,2383.0,14673,58056.0
B0008,P0084,Pediatrics,Ultrasound,Planned,,3,8641.0,10073,20514.0
B0009,P0107,ENT,X-Ray,Emergency,General Ward,2,7941.0,6246,17787.0
B0010,P0124,Pediatrics,Blood Test,Planned,Private,1,8605.0,3528,17333.0
B0011,P0058,Pulmonology,CT Scan,Planned,Private,4,5326.0,2028,29854.0
B0012,P0215,Dermatology,Ultrasound,Referral,General Ward,9,5737.0,3255,21592.0
B0013,P0226,Pulmonology,Blood Test,Planned,Private,4,880.0,7861,27441.0
B0014,P0097,Cardiology,MRI Scan,Planned,Semi-Private,11,7418.0,5022,45940.0
B0015,P0114,Pediatrics,Consultation,Planned,Private,11,2750.0,7698,60948.0
B0016,P0127,Neurology,MRI Scan,Emergency,General Ward,3,6371.0,9686,25657.0
B0017,P0048,ENT,Physiotherapy,Referral,Semi-Private,11,2627.0,13601,45228.0
B0018,P0074,Neurology,Consultation,Planned,General Ward,5,5998.0,8040,21038.0
B0019,P0033,Pediatrics,Blood Test,Referral,Private,3,9257.0,7521,30978.0
B0020,P0431,Orthopedics,Consultation,,Semi-Private,6,4287.0,12995,33282.0
B0021,P0225,Pulmonology,ECG,Planned,General Ward,3,5831.0,2049,12280.0
B0022,P0112,Dermatology,MRI Scan,Planned,ICU,9,9421.0,8825,114246.0
B0023,P0410,Cardiology,Physiotherapy,Referral,General Ward,3,741.0,7645,13486.0
B0024,P0340,Dermatology,Blood Test,Planned,Private,11,,5421,55621.0
B0025,P0335,Dermatology,Consultation,Emergency,Private,4,7676.0,3808,30484.0
B0026,P0254,General Medicine,Vaccination,Referral,General Ward,1,3842.0,3945,9587.0
B0027,P0421,Dermatology,Blood Test,Planned,Semi-Private,6,3341.0,2576,21617.0
B0028,P0097,Pulmonology,CT Scan,Planned,ICU,13,8457.0,14633,157590.0
B0029,P0209,Orthopedics,Vaccination,Planned,Semi-Private,13,8096.0,14491,55687.0
B0030,P0069,Pulmonology,Vaccination,Planned,Private,1,9405.0,6896,21401.0
B0031,P0306,Neurology,Ultrasound,Planned,General Ward,9,1035.0,5168,18803.0
B0032,P0312,Cardiology,Consultation,Referral,General Ward,2,4851.0,13580,21831.0
B0033,P0452,General Medicine,X-Ray,Emergency,Semi-Private,9,9427.0,8887,42014.0
B0034,P0003,Neurology,MRI Scan,Planned,Private,4,7897.0,1929,33826.0
B0035,P0341,Pediatrics,MRI Scan,Planned,General Ward,15,2725.0,13280,40005.0
B0036,P0040,Pediatrics,Blood Test,Planned,ICU,13,7238.0,4550,142488.0
B0037,P0323,Pulmonology,Vaccination,Planned,Semi-Private,12,6126.0,8111,44837.0
B0038,P0085,General Medicine,Physiotherapy,Planned,Private,6,7975.0,8296,44771.0
B0039,P0048,Cardiology,ECG,Planned,Private,3,8876.0,7558,30734.0
B0040,P0446,General Medicine,Ultrasound,Planned,ICU,9,2978.0,14678,109456.0
B0041,P0177,General Medicine,MRI Scan,Planned,General Ward,9,3060.0,10711,30571.0
B0042,P0136,Orthopedics,Consultation,Referral,General Ward,6,1444.0,14092,23736.0
B0043,P0362,Pediatrics,MRI Scan,Emergency,General Ward,10,9553.0,10215,37768.0
B0044,P0100,Pediatrics,Ultrasound,Planned,Private,6,3933.0,7718,40451.0
B0045,P0381,Neurology,ECG,Referral,General Ward,14,2194.0,10050,29844.0
B0046,P0349,Orthopedics,X-Ray,Emergency,General Ward,1,5457.0,14010,21867.0
B0047,P0181,Pediatrics,Blood Test,Planned,General Ward,15,8042.0,5197,31939.0
B0048,P0359,Orthopedics,CT Scan,Planned,General Ward,4,4105.0,6844,20249.0
B0049,P0354,Cardiology,CT Scan,Emergency,Semi-Private,3,9607.0,1811,23418.0
B0050,P0214,Orthopedics,X-Ray,Referral,Private,4,8681.0,4846,32727.0
B0051,P0119,Pediatrics,Minor Surgery,Planned,General Ward,12,6705.0,14486,47591.0
B0052,P0351,Pulmonology,CT Scan,Emergency,Semi-Private,2,6759.0,1081,17340.0
B0053,P0412,Dermatology,Vaccination,Referral,,10,8436.0,2551,11587.0
B0054,P0291,Pulmonology,Physiotherapy,Planned,General Ward,4,5099.0,6548,17947.0
B0055,P0482,General Medicine,X-Ray,Emergency,Private,2,4187.0,10619,25006.0
B0056,P0077,Cardiology,Blood Test,Planned,Private,11,4667.0,1401,56268.0
B0057,P0169,Dermatology,Ultrasound,Emergency,General Ward,11,8640.0,558,24198.0
B0058,P0388,Cardiology,Vaccination,Planned,Private,5,5610.0,3480,32190.0
B0059,P0107,Pediatrics,X-Ray,Planned,Private,8,1352.0,13812,52364.0
B0060,P0326,ENT,Minor Surgery,Planned,Semi-Private,4,9639.0,9696,41335.0
B0061,P0065,Dermatology,CT Scan,Planned,General Ward,2,1026.0,13065,20991.0
B0062,P0332,Orthopedics,ECG,Planned,General Ward,14,6973.0,10868,35441.0
B0063,P0419,Dermatology,Blood Test,Emergency,General Ward,5,8857.0,8366,23923.0
B0064,P0315,General Medicine,CT Scan,Planned,Private,3,9087.0,10911,37998.0
B0065,P0395,Pulmonology,CT Scan,Planned,Semi-Private,13,8243.0,11542,56785.0
B0066,P0279,Pediatrics,CT Scan,Planned,Private,14,7706.0,2812,78018.0
B0067,P0206,Cardiology,Blood Test,Planned,General Ward,7,2525.0,3955,15580.0
B0068,P0147,Cardiology,Blood Test,Planned,General Ward,13,5530.0,7348,29178.0
B0069,P0485,Cardiology,Vaccination,Emergency,General Ward,15,1890.0,8224,28714.0
B0070,P0272,Cardiology,CT Scan,Emergency,Private,10,4625.0,10953,65078.0
B0071,P0492,ENT,Vaccination,Planned,Semi-Private,2,9101.0,729,15430.0
B0072,P0412,Pulmonology,Ultrasound,Emergency,General Ward,6,1255.0,14809,25064.0
B0073,P0254,Cardiology,Blood Test,Planned,ICU,11,4367.0,11007,126074.0
B0074,P0493,Orthopedics,Ultrasound,Emergency,Semi-Private,6,,8367,25167.0
B0075,P0159,General Medicine,Consultation,Emergency,Private,8,7722.0,6955,51677.0
B0076,P0181,Orthopedics,X-Ray,Planned,General Ward,9,1741.0,5674,19415.0
B0077,P0071,Dermatology,CT Scan,Planned,General Ward,5,1008.0,7663,19171.0
B0078,P0366,General Medicine,Vaccination,Planned,General Ward,11,9601.0,12457,35858.0
B0079,P0372,Orthopedics,X-Ray,Planned,General Ward,11,5907.0,14983,35290.0
B0080,P0155,Pediatrics,Vaccination,Referral,General Ward,11,8802.0,9751,32353.0
B0081,P0209,Cardiology,Minor Surgery,Planned,Semi-Private,8,8852.0,9012,49864.0
B0082,P0391,ENT,CT Scan,Referral,ICU,14,6607.0,1927,153034.0
B0083,P0271,Pulmonology,Consultation,Emergency,General Ward,6,9328.0,4872,22400.0
B0084,P0256,Pulmonology,MRI Scan,Emergency,Private,5,6153.0,12481,47134.0
B0085,P0245,Pediatrics,ECG,Emergency,General Ward,3,7684.0,7986,20070.0
B0086,P0360,ENT,MRI Scan,Referral,Semi-Private,4,5465.0,339,21804.0
B0087,P0460,Pulmonology,Ultrasound,Emergency,Semi-Private,2,5426.0,6062,18288.0
B0088,P0439,General Medicine,Consultation,Referral,Private,10,9481.0,12951,68432.0
B0089,P0456,Pulmonology,Blood Test,Referral,Semi-Private,2,3866.0,14678,24244.0
B0090,P0130,General Medicine,MRI Scan,Planned,General Ward,8,7113.0,6917,29630.0
B0091,P0044,Neurology,CT Scan,Planned,General Ward,12,561.0,829,20290.0
B0092,P0187,Pulmonology,Ultrasound,Planned,General Ward,13,3149.0,8603,29152.0
B0093,P0358,Cardiology,ECG,Planned,Semi-Private,10,8927.0,4609,39336.0
B0094,P0184,Cardiology,Vaccination,Planned,General Ward,5,9031.0,6869,22500.0
B0095,P0026,Pulmonology,X-Ray,Referral,General Ward,7,1375.0,3100,14075.0
B0096,P0435,General Medicine,Ultrasound,Emergency,Semi-Private,14,4050.0,3304,44154.0
B0097,P0469,Neurology,MRI Scan,Emergency,General Ward,10,4707.0,14930,37637.0
B0098,P0313,Pulmonology,Consultation,Planned,ICU,13,3078.0,2771,136849.0
B0099,P0306,ENT,Vaccination,Planned,Semi-Private,13,,4671,37771.0
B0100,P0269,ENT,Vaccination,Planned,General Ward,13,3905.0,5237,25342.0
B0101,P0019,Cardiology,Ultrasound,Emergency,Semi-Private,14,1059.0,1498,39357.0
B0102,P0466,Cardiology,ECG,Planned,General Ward,8,2415.0,11969,24784.0
B0103,P0002,Pediatrics,Minor Surgery,Planned,Private,14,638.0,1212,76850.0
B0104,P0052,Orthopedics,Blood Test,Emergency,Semi-Private,11,9318.0,3699,41217.0
B0105,P0429,Neurology,Vaccination,Emergency,General Ward,8,1633.0,6547,18380.0
B0106,P0374,Pulmonology,MRI Scan,Referral,Semi-Private,10,5843.0,5722,42565.0
B0107,P0234,Dermatology,Ultrasound,Planned,General Ward,1,4418.0,2158,9576.0
B0108,P0305,General Medicine,CT Scan,Referral,General Ward,8,5571.0,3804,23475.0
B0109,P0057,Orthopedics,Physiotherapy,Planned,General Ward,12,5708.0,12345,33953.0
B0110,P0476,Pediatrics,Blood Test,Planned,General Ward,11,8627.0,11878,34405.0
B0111,P0434,Pulmonology,Minor Surgery,Planned,Private,13,9128.0,12069,91697.0
B0112,P0343,General Medicine,Physiotherapy,Emergency,General Ward,10,8094.0,11579,33173.0
B0113,P0004,General Medicine,Ultrasound,Planned,General Ward,9,9122.0,11524,33246.0
B0114,P0068,Pediatrics,X-Ray,Planned,General Ward,4,8317.0,2495,16812.0
B0115,P0140,Dermatology,CT Scan,Emergency,Private,8,1168.0,8373,50041.0
B0116,P0150,Dermatology,Ultrasound,Planned,General Ward,13,7314.0,10110,34824.0
B0117,P0474,Cardiology,Minor Surgery,Planned,ICU,8,9486.0,8980,110466.0
B0118,P0104,Dermatology,Blood Test,Emergency,ICU,13,6957.0,5484,143141.0
B0119,P0490,ENT,Consultation,Emergency,Semi-Private,12,2022.0,10120,43142.0
B0120,P0355,Cardiology,CT Scan,Referral,Semi-Private,15,7408.0,6778,56186.0
B0121,P0004,Orthopedics,Vaccination,Emergency,Semi-Private,7,1106.0,2331,21537.0
B0122,P0396,Dermatology,Vaccination,Planned,Semi-Private,12,9007.0,3171,42778.0
B0123,P0260,Neurology,X-Ray,Referral,Private,9,645.0,8023,50368.0
B0124,P0244,Cardiology,ECG,Emergency,General Ward,9,7810.0,12179,31589.0
B0125,P0223,Neurology,ECG,Planned,Semi-Private,13,1412.0,2709,37421.0
B0126,P0263,General Medicine,MRI Scan,Planned,General Ward,15,9254.0,2225,35479.0
B0127,P0266,Pediatrics,CT Scan,Emergency,General Ward,10,7685.0,11876,36061.0
B0128,P0088,Orthopedics,Vaccination,Planned,General Ward,6,2161.0,7813,17774.0
B0129,P0015,Pulmonology,CT Scan,Emergency,Private,4,1315.0,6388,30203.0
B0130,P0487,Pulmonology,X-Ray,Planned,ICU,13,5669.0,1776,138645.0
B0131,P0468,Cardiology,Blood Test,Planned,General Ward,14,9920.0,2750,30170.0
B0132,P0378,ENT,Minor Surgery,Referral,Private,13,5420.0,10683,86603.0
B0133,P0199,Orthopedics,X-Ray,Planned,,6,9311.0,14132,24643.0
B0134,P0141,Neurology,Ultrasound,Planned,Semi-Private,14,3394.0,13254,53448.0
B0135,P0439,Dermatology,CT Scan,Referral,General Ward,12,2221.0,9555,30676.0
B0136,P0028,Pulmonology,Vaccination,Planned,General Ward,4,1121.0,14789,21310.0
B0137,P0295,Dermatology,CT Scan,Planned,General Ward,12,5433.0,398,24731.0
B0138,P0402,Pediatrics,Ultrasound,Planned,General Ward,10,4821.0,12568,31189.0
B0139,P0446,ENT,Vaccination,Emergency,Private,3,8479.0,14560,37139.0
B0140,P0367,Neurology,Consultation,Planned,Semi-Private,6,4510.0,1630,22140.0
B0141,P0331,Pulmonology,ECG,Planned,General Ward,9,9834.0,10019,31453.0
B0142,P0356,Orthopedics,Consultation,Planned,Semi-Private,12,9892.0,10261,51153.0
B0143,P0117,ENT,X-Ray,Planned,Private,6,2330.0,3579,34109.0
B0144,P0100,Pulmonology,Ultrasound,Emergency,Semi-Private,2,2965.0,13545,23310.0
B0145,P0194,General Medicine,X-Ray,Planned,Private,1,3521.0,2547,11768.0
B0146,P0304,Dermatology,Blood Test,Referral,General Ward,8,6061.0,8460,24821.0
B0147,P0494,General Medicine,X-Ray,Planned,Private,14,9289.0,13914,87403.0
B0148,P0017,Neurology,Ultrasound,Emergency,General Ward,12,6200.0,4818,27218.0
B0149,P0134,Pediatrics,Blood Test,Planned,General Ward,11,3851.0,5882,23633.0
B0150,P0361,Pulmonology,Vaccination,Planned,Private,6,1961.0,13428,42989.0
B0151,P0110,Neurology,Minor Surgery,Referral,Semi-Private,15,8020.0,5117,62637.0
B0152,P0087,Pulmonology,Vaccination,Emergency,Private,14,5912.0,11628,81140.0
B0153,P0047,Cardiology,ECG,Emergency,General Ward,1,8297.0,7621,17918.0
B0154,P0272,Pediatrics,Blood Test,Planned,Private,7,4808.0,10013,47021.0
B0155,P0316,Pediatrics,Physiotherapy,Planned,General Ward,3,9881.0,14611,29592.0
B0156,P0297,Neurology,CT Scan,Planned,General Ward,7,5986.0,13594,32480.0
B0157,P0410,Pediatrics,Ultrasound,Planned,Private,3,8096.0,10140,33536.0
B0158,P0302,General Medicine,MRI Scan,Planned,Semi-Private,15,4675.0,13419,61594.0
B0159,P0434,Orthopedics,Minor Surgery,Planned,General Ward,14,663.0,13547,43010.0
B0160,P0257,General Medicine,Consultation,Planned,Private,10,527.0,3834,50361.0
B0161,P0420,Pediatrics,X-Ray,Emergency,General Ward,3,2428.0,9391,16619.0
B0162,P0414,Orthopedics,ECG,Planned,General Ward,8,7235.0,5224,22859.0
B0163,P0386,Cardiology,Blood Test,Referral,Private,1,3145.0,7332,15677.0
B0164,P0468,Neurology,CT Scan,Emergency,Private,14,3011.0,10638,81149.0
B0165,P0325,Dermatology,ECG,Planned,General Ward,3,5756.0,5268,15424.0
B0166,P0415,Pulmonology,Ultrasound,Referral,General Ward,11,3924.0,12408,31332.0
B0167,P0392,Pediatrics,Minor Surgery,Planned,Private,12,3456.0,13068,82524.0
B0168,P0350,Neurology,Minor Surgery,Referral,General Ward,2,2452.0,9596,26448.0
B0169,P0487,Dermatology,Consultation,Planned,Semi-Private,13,4248.0,4648,42396.0
B0170,P0061,Orthopedics,ECG,Referral,Private,9,1338.0,5574,48212.0
B0171,P0322,Neurology,Blood Test,Planned,General Ward,2,7532.0,12031,22663.0
B0172,P0373,Pulmonology,Physiotherapy,Planned,Private,9,8947.0,13018,63965.0
B0173,P0255,ENT,Physiotherapy,Planned,Semi-Private,4,4920.0,7430,23850.0
B0174,P0461,Dermatology,X-Ray,Planned,General Ward,10,9296.0,6702,29198.0
B0175,P0324,Pediatrics,Blood Test,Emergency,Semi-Private,12,2228.0,13594,46522.0
B0176,P0301,Pediatrics,CT Scan,Planned,General Ward,13,8556.0,9587,38243.0
B0177,P0308,General Medicine,Ultrasound,Planned,Private,2,8286.0,8698,27784.0
B0178,P0136,ENT,Vaccination,Referral,Semi-Private,6,8774.0,3310,27684.0
B0179,P0487,Neurology,Consultation,Referral,Private,10,699.0,7586,54285.0
B0180,P0089,Pulmonology,Blood Test,Planned,Private,4,3962.0,2696,25358.0
B0181,P0455,Neurology,Ultrasound,Emergency,Semi-Private,15,1624.0,4616,45540.0
B0182,P0142,General Medicine,MRI Scan,Emergency,General Ward,1,6880.0,7500,21580.0
B0183,P0413,General Medicine,Ultrasound,Planned,ICU,14,6193.0,3173,151166.0
B0184,P0365,Pulmonology,ECG,Planned,General Ward,12,2983.0,13268,31451.0
B0185,P0320,Dermatology,Consultation,Planned,Semi-Private,9,1697.0,2417,27614.0
B0186,P0341,Neurology,Ultrasound,Emergency,General Ward,12,6676.0,12297,35173.0
B0187,P0421,Orthopedics,Ultrasound,Emergency,General Ward,5,4419.0,4908,17127.0
B0188,P0120,Orthopedics,ECG,Referral,General Ward,11,6637.0,1137,21774.0
B0189,P0497,Cardiology,MRI Scan,Planned,Semi-Private,4,3172.0,8197,27369.0
B0190,P0481,ENT,Physiotherapy,Planned,General Ward,7,3108.0,10093,23101.0
B0191,P0378,General Medicine,X-Ray,Emergency,General Ward,6,2061.0,10132,20593.0
B0192,P0425,Orthopedics,Minor Surgery,Planned,General Ward,2,4505.0,8984,27889.0
B0193,P0473,Pediatrics,ECG,Planned,General Ward,4,7715.0,6623,19938.0
B0194,P0373,Pediatrics,MRI Scan,Emergency,Semi-Private,3,8487.0,7451,29438.0
B0195,P0251,General Medicine,Minor Surgery,Emergency,Semi-Private,11,800.0,6997,47297.0
B0196,P0448,Dermatology,Ultrasound,Planned,General Ward,14,547.0,14769,33916.0
B0197,P0059,Pediatrics,Consultation,Planned,Semi-Private,15,5375.0,8360,52235.0
B0198,P0494,Cardiology,Minor Surgery,Emergency,Private,5,5074.0,7057,46631.0
B0199,P0078,Pediatrics,CT Scan,Emergency,Semi-Private,9,1349.0,5450,33799.0
B0200,P0009,ENT,MRI Scan,Emergency,Semi-Private,12,9555.0,4945,50500.0
B0201,P0207,ENT,Ultrasound,Planned,General Ward,7,8014.0,5852,24066.0
B0202,P0391,Dermatology,Physiotherapy,Emergency,Semi-Private,1,7004.0,3924,14928.0
B0203,P0066,Cardiology,MRI Scan,Planned,Private,15,2642.0,6418,82560.0
B0204,P0223,Neurology,Blood Test,Referral,General Ward,13,5001.0,3833,25134.0
B0205,P0199,Pediatrics,Minor Surgery,Emergency,General Ward,6,,13538,32738.0
B0206,P0041,Pediatrics,MRI Scan,Planned,General Ward,9,612.0,8242,25654.0
B0207,P0376,Orthopedics,Ultrasound,Planned,Private,3,5951.0,11982,33233.0
B0208,P0459,Neurology,X-Ray,Planned,General Ward,8,5985.0,10919,27704.0
B0209,P0077,ENT,CT Scan,Planned,General Ward,12,8274.0,5179,32353.0
B0210,P0461,General Medicine,Consultation,Referral,General Ward,6,7930.0,12862,28992.0
B0211,P0154,General Medicine,MRI Scan,Planned,General Ward,12,6874.0,8896,36170.0
B0212,P0491,ENT,Physiotherapy,Emergency,Semi-Private,12,7419.0,10705,49624.0
B0213,P0124,Cardiology,CT Scan,Emergency,Private,15,7112.0,8411,87523.0
B0214,P0498,Pediatrics,ECG,Emergency,Private,12,7648.0,8806,71254.0
B0215,P0136,Pediatrics,Minor Surgery,Emergency,General Ward,8,1193.0,2823,25616.0
B0216,P0270,Dermatology,ECG,Emergency,General Ward,2,7054.0,5511,15765.0
B0217,P0429,Pediatrics,X-Ray,Planned,General Ward,14,4722.0,391,23113.0
B0218,P0252,Orthopedics,Blood Test,Planned,General Ward,12,2176.0,4270,21546.0
B0219,P0258,General Medicine,Physiotherapy,Planned,General Ward,11,3100.0,13724,31524.0
B0220,P0248,ENT,Physiotherapy,Planned,Private,2,7409.0,14721,32630.0
B0221,P0170,Pulmonology,Physiotherapy,Emergency,Private,12,8932.0,11827,76259.0
B0222,P0207,Pediatrics,MRI Scan,Emergency,Private,1,4470.0,6175,21145.0
B0223,P0441,Neurology,Physiotherapy,Planned,Semi-Private,13,6270.0,2991,43261.0
B0224,P0472,General Medicine,CT Scan,Referral,Semi-Private,1,9968.0,7215,24183.0
B0225,P0064,Dermatology,X-Ray,Referral,General Ward,2,853.0,899,5352.0
B0226,P0482,Pulmonology,Vaccination,Planned,Semi-Private,4,5919.0,10234,26753.0
B0227,P0004,Dermatology,X-Ray,Planned,ICU,9,2357.0,14364,107921.0
B0228,P0018,Neurology,Physiotherapy,Emergency,General Ward,11,3540.0,12323,30563.0
B0229,P0089,Neurology,Blood Test,Referral,Semi-Private,3,6522.0,12242,26964.0
B0230,P0239,Dermatology,Minor Surgery,Emergency,Private,11,1490.0,7273,70263.0
B0231,P0216,Pulmonology,Physiotherapy,Emergency,ICU,11,1710.0,8679,121889.0
B0232,P0198,Cardiology,Minor Surgery,Emergency,Semi-Private,3,8782.0,2494,30776.0
B0233,P0098,Cardiology,Blood Test,Referral,Semi-Private,1,9665.0,13190,26055.0
B0234,P0051,Orthopedics,MRI Scan,Emergency,Semi-Private,15,1045.0,6394,50939.0
B0235,P0358,Orthopedics,ECG,Referral,General Ward,3,3405.0,5984,13789.0
B0236,P0131,ENT,CT Scan,Planned,Semi-Private,11,818.0,7953,40771.0
B0237,P0147,Dermatology,CT Scan,Planned,General Ward,3,7437.0,8501,24038.0
B0238,P0303,Orthopedics,Minor Surgery,Planned,General Ward,8,7139.0,14186,42925.0
B0239,P0046,Cardiology,X-Ray,Planned,General Ward,2,3663.0,7943,15206.0
B0240,P0442,Pulmonology,CT Scan,Emergency,General Ward,12,5206.0,12606,36712.0
B0241,P0420,Pediatrics,X-Ray,Planned,Private,1,640.0,4782,11122.0
B0242,P0019,General Medicine,Blood Test,Planned,General Ward,10,4959.0,10962,28621.0
B0243,P0476,General Medicine,Consultation,Emergency,General Ward,1,3119.0,3914,9233.0
B0244,P0175,Cardiology,X-Ray,Planned,Semi-Private,1,3537.0,2521,9758.0
B0245,P0439,ENT,MRI Scan,Emergency,Private,6,1362.0,3936,38298.0
B0246,P0074,Pulmonology,ECG,Referral,General Ward,14,9971.0,3629,31200.0
B0247,P0466,Orthopedics,CT Scan,Planned,Semi-Private,2,4585.0,12415,26500.0
B0248,P0063,Orthopedics,Physiotherapy,Referral,Private,12,5593.0,14378,75471.0
B0249,P0196,Pulmonology,Consultation,Emergency,Semi-Private,12,4260.0,2462,37722.0
B0250,P0140,Dermatology,ECG,Planned,Semi-Private,5,8198.0,9441,30939.0
B0251,P0411,General Medicine,X-Ray,Planned,Semi-Private,15,8771.0,12175,59646.0
B0252,P0093,Pediatrics,Ultrasound,Emergency,Private,5,2567.0,9649,36516.0
B0253,P0460,ENT,Minor Surgery,Planned,Private,8,571.0,5357,53928.0
B0254,P0395,Pediatrics,Consultation,Planned,Private,15,1416.0,9210,79126.0
B0255,P0388,ENT,Physiotherapy,Planned,Semi-Private,11,9954.0,6700,45654.0
B0256,P0046,Dermatology,Ultrasound,Referral,General Ward,12,9962.0,12452,38614.0
B0257,P0123,Pediatrics,Consultation,Planned,General Ward,11,3855.0,1354,19409.0
B0258,P0443,Neurology,Consultation,Referral,Semi-Private,1,1219.0,2136,6855.0
B0259,P0188,Pulmonology,X-Ray,Planned,Semi-Private,11,6298.0,6310,41308.0
B0260,P0408,Cardiology,Blood Test,Referral,Private,12,7122.0,1383,63205.0
B0261,P0282,General Medicine,Ultrasound,Emergency,Semi-Private,1,6033.0,12270,22603.0
B0262,P0284,ENT,ECG,Planned,Private,10,9851.0,7660,63311.0
B0263,P0442,ENT,Physiotherapy,Planned,Semi-Private,13,6462.0,652,41114.0
B0264,P0111,ENT,X-Ray,Planned,ICU,1,946.0,4618,16764.0
B0265,P0260,Neurology,Ultrasound,Planned,General Ward,15,9877.0,10582,40259.0
B0266,P0100,Orthopedics,Blood Test,Planned,Private,2,8199.0,4923,22822.0
B0267,P0207,Cardiology,Physiotherapy,Planned,General Ward,6,4217.0,10793,23710.0
B0268,P0342,Cardiology,X-Ray,Planned,Private,11,543.0,1820,53063.0
B0269,P0444,Pediatrics,Physiotherapy,Planned,General Ward,2,3873.0,2811,10584.0
B0270,P0433,ENT,Ultrasound,Referral,ICU,8,658.0,9344,91802.0
B0271,P0313,Orthopedics,CT Scan,Planned,Private,3,4323.0,11991,34314.0
B0272,P0472,Neurology,Blood Test,Planned,Private,3,5606.0,7372,27178.0
B0273,P0344,General Medicine,Minor Surgery,Emergency,Semi-Private,1,7834.0,10633,32967.0
B0274,P0101,Cardiology,Consultation,Planned,,8,3954.0,10661,15615.0
B0275,P0389,Neurology,Consultation,Emergency,General Ward,7,1682.0,6591,17673.0
B0276,P0326,Pediatrics,ECG,Referral,Private,5,1658.0,1439,26397.0
B0277,P0113,Orthopedics,Blood Test,Planned,Semi-Private,15,2303.0,3502,44005.0
B0278,P0313,Cardiology,Consultation,Referral,Private,15,3900.0,7229,79629.0
B0279,P0061,Neurology,CT Scan,Referral,Private,12,7173.0,3508,69181.0
B0280,P0138,Dermatology,Physiotherapy,Emergency,General Ward,7,3390.0,5351,18641.0
B0281,P0195,Pulmonology,X-Ray,Planned,General Ward,11,2209.0,14799,31408.0
B0282,P0486,Cardiology,Blood Test,Emergency,Private,3,2845.0,13720,30765.0
B0283,P0162,Pulmonology,ECG,Planned,General Ward,3,6941.0,585,11926.0
B0284,P0070,Cardiology,Consultation,Emergency,General Ward,14,3488.0,11971,33259.0
B0285,P0125,Cardiology,X-Ray,Emergency,General Ward,3,1364.0,13007,19171.0
B0286,P0394,General Medicine,Ultrasound,Planned,General Ward,15,4791.0,4259,28850.0
B0287,P0208,ENT,MRI Scan,Planned,Semi-Private,11,2455.0,10513,46468.0
B0288,P0252,Pediatrics,Vaccination,Planned,Semi-Private,1,3180.0,5721,12001.0
B0289,P0029,Neurology,Vaccination,Emergency,General Ward,11,9243.0,11561,34604.0
B0290,P0323,Pulmonology,Minor Surgery,Planned,Private,12,7302.0,11009,84311.0
B0291,P0011,Orthopedics,MRI Scan,Emergency,General Ward,10,3648.0,2006,23654.0
B0292,P0229,Neurology,Vaccination,Planned,General Ward,15,5856.0,10644,35100.0
B0293,P0260,Pediatrics,Minor Surgery,Planned,General Ward,11,2633.0,4666,32499.0
B0294,P0433,ENT,Ultrasound,Referral,Private,4,1930.0,13639,35369.0
B0295,P0260,Dermatology,Vaccination,Emergency,General Ward,13,2452.0,14624,33276.0
B0296,P0280,Neurology,Blood Test,Emergency,Private,14,5500.0,7567,76767.0
B0297,P0220,Dermatology,ECG,Planned,Semi-Private,14,7821.0,5914,49535.0
B0298,P0184,ENT,Physiotherapy,Planned,General Ward,12,9871.0,12070,37841.0
B0299,P0291,Pediatrics,CT Scan,Emergency,General Ward,5,516.0,8036,19052.0
B0300,P0294,Cardiology,X-Ray,Emergency,Semi-Private,2,571.0,2064,8835.0
B0301,P0306,Neurology,Physiotherapy,Planned,General Ward,6,4634.0,4786,18120.0
B0302,P0344,General Medicine,X-Ray,Planned,General Ward,3,2085.0,3301,10186.0
B0303,P0342,General Medicine,Consultation,Planned,General Ward,15,1402.0,11699,32101.0
B0304,P0154,Cardiology,MRI Scan,Planned,Private,1,5855.0,8430,24785.0
B0305,P0402,Orthopedics,Physiotherapy,Planned,Semi-Private,5,6720.0,14394,35114.0
B0306,P0187,Pulmonology,Physiotherapy,Planned,General Ward,6,9330.0,8092,26122.0
B0307,P0195,ENT,Ultrasound,Referral,Private,10,8395.0,7446,62641.0
B0308,P0302,Cardiology,X-Ray,Planned,Semi-Private,6,1139.0,4744,22083.0
B0309,P0011,Pediatrics,Minor Surgery,Emergency,Semi-Private,10,7299.0,14373,58672.0
B0310,P0137,ENT,Ultrasound,Planned,Semi-Private,4,6127.0,5468,23395.0
B0311,P0246,Neurology,MRI Scan,Planned,Private,9,4238.0,4931,55669.0
B0312,P0481,ENT,Minor Surgery,Emergency,Semi-Private,10,7762.0,10216,54978.0
B0313,P0282,General Medicine,Blood Test,Referral,General Ward,10,1019.0,9198,22917.0
B0314,P0356,Dermatology,Consultation,Planned,ICU,5,6084.0,5464,62548.0
B0315,P0068,Pediatrics,Physiotherapy,Referral,Semi-Private,15,7343.0,4585,50928.0
B0316,P0116,ENT,ECG,Referral,ICU,13,582.0,4008,135390.0
B0317,P0322,Dermatology,X-Ray,Planned,General Ward,10,1863.0,10227,25290.0
B0318,P0008,Pulmonology,ECG,Planned,Private,4,9003.0,13800,41603.0
B0319,P0455,Cardiology,CT Scan,Planned,General Ward,7,9033.0,11340,33273.0
B0320,P0356,General Medicine,CT Scan,Referral,General Ward,3,579.0,1673,10352.0
B0321,P0226,Pediatrics,Consultation,Emergency,Private,5,5478.0,5021,33999.0
B0322,P0168,Cardiology,Ultrasound,Planned,General Ward,8,6824.0,8134,26358.0
B0323,P0467,Cardiology,Consultation,Referral,General Ward,9,6737.0,3874,22411.0
B0324,P0221,Orthopedics,Ultrasound,Referral,General Ward,15,3883.0,9175,32858.0
B0325,P0423,General Medicine,Consultation,Planned,Semi-Private,5,8614.0,6224,28338.0
B0326,P0390,Pulmonology,Minor Surgery,Referral,General Ward,7,4222.0,7301,31923.0
B0327,P0138,Pulmonology,X-Ray,Planned,General Ward,12,6820.0,8752,31172.0
B0328,P0169,Pulmonology,CT Scan,Planned,General Ward,7,2369.0,12551,27820.0
B0329,P0490,Dermatology,MRI Scan,Emergency,Semi-Private,2,6853.0,9141,26994.0
B0330,P0325,Pediatrics,CT Scan,Planned,General Ward,10,8631.0,9280,34411.0
B0331,P0216,Orthopedics,CT Scan,Planned,General Ward,6,5169.0,13480,30349.0
B0332,P0233,Neurology,Ultrasound,Planned,Private,5,1349.0,340,25989.0
B0333,P0406,Orthopedics,Physiotherapy,Planned,General Ward,9,8068.0,6027,26395.0
B0334,P0090,ENT,Ultrasound,Planned,General Ward,14,8468.0,13116,40184.0
B0335,P0307,Dermatology,Physiotherapy,Emergency,Semi-Private,7,1367.0,12663,33030.0
B0336,P0421,Cardiology,Blood Test,Planned,Private,2,698.0,8940,19338.0
B0337,P0045,Neurology,Minor Surgery,Planned,Semi-Private,7,9176.0,5197,43873.0
B0338,P0093,Cardiology,X-Ray,Planned,Semi-Private,4,9932.0,13172,34304.0
B0339,P0484,Pediatrics,Physiotherapy,Planned,General Ward,3,5152.0,6801,17053.0
B0340,P0340,Orthopedics,X-Ray,Planned,General Ward,3,5371.0,3714,13885.0
B0341,P0338,Pediatrics,Ultrasound,Planned,Private,1,9584.0,11692,27576.0
B0342,P0488,ENT,Blood Test,Referral,General Ward,7,7471.0,7683,24254.0
B0343,P0384,Orthopedics,ECG,Planned,Private,15,2634.0,11854,82788.0
B0344,P0109,ENT,Physiotherapy,Planned,Private,9,8003.0,5427,55430.0
B0345,P0062,Pediatrics,X-Ray,Planned,Private,7,3786.0,14872,51358.0
B0346,P0361,Cardiology,X-Ray,Planned,Semi-Private,1,9601.0,4655,17956.0
B0347,P0248,Dermatology,CT Scan,Planned,General Ward,14,5658.0,5841,32799.0
B0348,P0248,Neurology,CT Scan,Planned,General Ward,14,,10493,31793.0
B0349,P0015,Neurology,Consultation,Emergency,General Ward,4,7141.0,14162,27103.0
B0350,P0463,Neurology,Ultrasound,Emergency,General Ward,3,5097.0,9899,20396.0
B0351,P0024,Cardiology,Consultation,Referral,Semi-Private,13,1681.0,10719,45900.0
B0352,P0319,ENT,MRI Scan,Planned,General Ward,15,982.0,8423,33405.0
B0353,P0413,Pulmonology,CT Scan,Planned,Private,3,1184.0,11201,30385.0
B0354,P0118,Pediatrics,ECG,Emergency,ICU,15,3318.0,4059,158177.0
B0355,P0081,Cardiology,Vaccination,Emergency,Private,7,3849.0,929,36878.0
B0356,P0241,Pulmonology,Ultrasound,Planned,Private,3,9265.0,7525,32090.0
B0357,P0239,Pediatrics,Consultation,Emergency,General Ward,9,5968.0,803,18571.0
B0358,P0153,Pediatrics,MRI Scan,Referral,General Ward,11,2329.0,5192,26721.0
B0359,P0127,Cardiology,Minor Surgery,Emergency,General Ward,15,6162.0,3260,39422.0
B0360,P0144,Pediatrics,Minor Surgery,Planned,Private,1,8911.0,7094,32505.0
B0361,P0434,Dermatology,MRI Scan,Planned,Private,13,7010.0,9659,81169.0
B0362,P0465,Pulmonology,Vaccination,Planned,Semi-Private,14,4559.0,11816,51975.0
B0363,P0128,Neurology,ECG,Emergency,General Ward,9,3823.0,4946,20369.0
B0364,P0495,Pediatrics,MRI Scan,Planned,Private,5,2129.0,1948,32577.0
B0365,P0495,Pediatrics,X-Ray,Planned,ICU,14,8428.0,3895,153523.0
B0366,P0085,General Medicine,Minor Surgery,Planned,General Ward,4,1818.0,6810,25428.0
B0367,P0236,Neurology,ECG,Emergency,Private,2,8552.0,3130,21482.0
B0368,P0240,Neurology,Physiotherapy,Planned,General Ward,1,3583.0,13791,20074.0
B0369,P0219,Orthopedics,Ultrasound,Planned,Private,14,664.0,3579,69043.0
B0370,P0374,General Medicine,Blood Test,Emergency,Private,6,2074.0,6729,36503.0
B0371,P0005,Neurology,Consultation,Emergency,General Ward,5,9664.0,7925,24589.0
B0372,P0150,ENT,Blood Test,Emergency,General Ward,5,1570.0,802,9072.0
B0373,P0033,General Medicine,MRI Scan,Referral,General Ward,8,6355.0,5036,26991.0
B0374,P0424,Neurology,X-Ray,Emergency,Semi-Private,5,7131.0,7003,27834.0
B0375,P0386,Orthopedics,Minor Surgery,Planned,General Ward,5,7128.0,10260,35388.0
B0376,P0355,Cardiology,Minor Surgery,Planned,Semi-Private,12,8527.0,11628,62155.0
B0377,P0107,General Medicine,Blood Test,Planned,Semi-Private,11,3662.0,1175,33037.0
B0378,P0467,General Medicine,Consultation,Planned,General Ward,1,5794.0,9549,17543.0
B0379,P0104,Pulmonology,Consultation,Planned,Private,11,4431.0,14589,69520.0
B0380,P0347,Orthopedics,Minor Surgery,Planned,Private,10,5874.0,11802,74676.0
B0381,P0360,Pediatrics,Ultrasound,Emergency,Semi-Private,8,8560.0,6488,36848.0
B0382,P0420,Cardiology,Minor Surgery,Planned,Semi-Private,15,9633.0,12999,72132.0
B0383,P0059,Pulmonology,MRI Scan,Emergency,General Ward,8,5255.0,13524,34379.0
B0384,P0423,General Medicine,CT Scan,Planned,Semi-Private,7,2952.0,5997,30949.0
B0385,P0258,Cardiology,Ultrasound,Emergency,Private,11,2008.0,7407,60715.0
B0386,P0489,Pediatrics,MRI Scan,Emergency,General Ward,7,3588.0,1599,19587.0
B0387,P0437,Dermatology,Minor Surgery,Emergency,ICU,7,4099.0,665,86764.0
B0388,P0402,Pediatrics,MRI Scan,Planned,Private,9,9934.0,766,57200.0
B0389,P0174,Orthopedics,Minor Surgery,Referral,Private,5,8992.0,3404,46896.0
B0390,P0279,Pediatrics,X-Ray,Referral,General Ward,8,1728.0,3177,15705.0
B0391,P0054,Neurology,Ultrasound,,Private,2,3043.0,7433,21276.0
B0392,P0474,Pulmonology,Vaccination,Emergency,Private,2,2640.0,6746,18986.0
B0393,P0331,Pediatrics,MRI Scan,Emergency,Semi-Private,1,5449.0,1388,15337.0
B0394,P0496,Pediatrics,Minor Surgery,Emergency,Semi-Private,15,1620.0,11701,62821.0
B0395,P0385,Pulmonology,ECG,Planned,General Ward,8,4659.0,1206,16265.0
B0396,P0292,ENT,ECG,Emergency,General Ward,6,8460.0,6916,23376.0
B0397,P0370,ENT,Minor Surgery,Referral,General Ward,4,3778.0,10877,31455.0
B0398,P0084,General Medicine,X-Ray,Referral,Semi-Private,11,1213.0,2886,32799.0
B0399,P0351,ENT,X-Ray,Emergency,General Ward,7,7079.0,8854,25533.0
B0400,P0072,Orthopedics,ECG,Planned,Semi-Private,8,7899.0,2343,31042.0
B0401,P0040,Pulmonology,Physiotherapy,Referral,General Ward,10,1091.0,11709,26300.0
B0402,P0344,Neurology,Vaccination,Planned,General Ward,6,627.0,14261,22688.0
B0403,P0340,Pulmonology,Blood Test,Emergency,General Ward,6,2464.0,4221,14585.0
B0404,P0375,Cardiology,MRI Scan,Emergency,General Ward,7,1218.0,4171,19789.0
B0405,P0335,Orthopedics,Blood Test,Planned,Private,11,5171.0,10989,66360.0
B0406,P0030,Dermatology,Consultation,Planned,General Ward,5,6823.0,2317,16140.0
B0407,P0020,Neurology,MRI Scan,Referral,General Ward,10,9598.0,3439,31037.0
B0408,P0294,ENT,MRI Scan,Planned,Private,4,6216.0,10927,41143.0
B0409,P0002,Neurology,MRI Scan,Planned,General Ward,8,2745.0,9381,27726.0
B0410,P0134,General Medicine,Vaccination,Referral,Semi-Private,8,1155.0,6458,28213.0
B0411,P0362,General Medicine,Physiotherapy,Emergency,General Ward,13,9493.0,10634,37227.0
B0412,P0082,Neurology,Blood Test,Planned,General Ward,15,5092.0,6509,30301.0
B0413,P0164,Pulmonology,Minor Surgery,Referral,Private,9,9699.0,10969,73168.0
B0414,P0078,Cardiology,Physiotherapy,Emergency,General Ward,12,4692.0,10368,30960.0
B0415,P0026,Pulmonology,MRI Scan,Referral,General Ward,7,9655.0,13723,37778.0
B0416,P0098,ENT,Physiotherapy,Emergency,Private,13,9888.0,2656,72544.0
B0417,P0118,Cardiology,Physiotherapy,Planned,Private,5,6475.0,9033,39508.0
B0418,P0478,Pulmonology,ECG,Planned,General Ward,14,4399.0,12338,34337.0
B0419,P0455,ENT,CT Scan,Planned,Private,5,8330.0,4815,40145.0
B0420,P0443,ENT,Consultation,Planned,Semi-Private,13,3412.0,12433,49345.0
B0421,P0414,Cardiology,Vaccination,Planned,Private,2,7177.0,10127,26904.0
B0422,P0082,Dermatology,Physiotherapy,Planned,Private,8,9577.0,11023,58100.0
B0423,P0406,Pediatrics,Ultrasound,Planned,General Ward,2,2994.0,10905,18099.0
B0424,P0145,Orthopedics,CT Scan,Planned,ICU,3,9609.0,1501,45610.0
B0425,P0287,ENT,Physiotherapy,Planned,General Ward,13,2647.0,9945,29692.0
B0426,P0440,Pediatrics,Vaccination,Planned,Private,10,4256.0,8804,58660.0
B0427,P0465,Neurology,Ultrasound,Emergency,General Ward,13,2271.0,12985,32656.0
B0428,P0159,Cardiology,MRI Scan,Referral,Semi-Private,15,8743.0,7018,59261.0
B0429,P0013,Dermatology,CT Scan,Planned,Private,5,6658.0,896,34554.0
B0430,P0091,Cardiology,X-Ray,Emergency,Semi-Private,1,4236.0,2957,10893.0
B0431,P0468,ENT,Consultation,Planned,Semi-Private,7,8257.0,7327,34084.0
B0432,P0401,Pulmonology,Blood Test,Emergency,General Ward,11,9022.0,6934,29856.0
B0433,P0093,Neurology,Blood Test,Planned,General Ward,5,3554.0,10008,20262.0
B0434,P0039,Orthopedics,Consultation,Emergency,Semi-Private,15,,10159,48659.0
B0435,P0355,Neurology,Blood Test,Referral,Semi-Private,11,5826.0,12461,46487.0
B0436,P0008,Neurology,X-Ray,Referral,General Ward,15,2996.0,10874,33070.0
B0437,P0107,Cardiology,ECG,Planned,ICU,3,5494.0,10313,46607.0
B0438,P0166,Cardiology,Consultation,Emergency,General Ward,11,559.0,13170,27929.0
B0439,P0015,Dermatology,CT Scan,Emergency,Private,3,7759.0,2622,28381.0
B0440,P0114,Orthopedics,MRI Scan,Planned,General Ward,10,3290.0,11734,33024.0
B0441,P0129,General Medicine,Physiotherapy,Planned,General Ward,15,8907.0,8902,37309.0
B0442,P0481,Cardiology,Physiotherapy,Emergency,General Ward,14,7789.0,8932,35021.0
B0443,P0131,General Medicine,CT Scan,Planned,Semi-Private,3,2944.0,603,15547.0
B0444,P0487,Cardiology,Vaccination,Planned,Semi-Private,14,1774.0,9994,47368.0
B0445,P0038,Pulmonology,Vaccination,Emergency,General Ward,1,1469.0,14490,17759.0
B0446,P0432,ENT,Consultation,Planned,Private,7,9447.0,5002,46949.0
B0447,P0063,Orthopedics,CT Scan,Planned,Private,10,1012.0,10561,61073.0
B0448,P0446,Dermatology,Vaccination,Planned,General Ward,8,1869.0,12466,24535.0
B0449,P0015,Dermatology,Minor Surgery,Emergency,General Ward,5,1133.0,12232,31365.0
B0450,P0062,Pulmonology,Vaccination,Referral,ICU,11,2731.0,11840,125171.0
B0451,P0381,ENT,Blood Test,Emergency,General Ward,8,616.0,6868,17784.0
B0452,P0362,Pediatrics,X-Ray,Planned,Semi-Private,9,6024.0,8930,38654.0
B0453,P0082,Cardiology,Blood Test,Emergency,General Ward,9,6712.0,1077,19289.0
B0454,P0038,Neurology,X-Ray,Planned,Semi-Private,7,8846.0,10601,38147.0
B0455,P0223,Orthopedics,X-Ray,Planned,Private,1,731.0,14067,20498.0
B0456,P0404,Pulmonology,Blood Test,Planned,Private,5,5227.0,8933,37360.0
B0457,P0443,General Medicine,Physiotherapy,Emergency,General Ward,3,7066.0,13706,25872.0
B0458,P0007,Cardiology,Physiotherapy,Planned,General Ward,13,2618.0,2975,22693.0
B0459,P0357,Pediatrics,Ultrasound,Emergency,Private,15,3608.0,10717,83625.0
B0460,P0475,Pediatrics,Physiotherapy,Emergency,ICU,3,9623.0,7570,48693.0
B0461,P0072,Pediatrics,ECG,Planned,General Ward,12,8875.0,8945,33020.0
B0462,P0334,Pulmonology,MRI Scan,Planned,Semi-Private,4,9990.0,6682,32672.0
B0463,P0242,Cardiology,Blood Test,Referral,General Ward,8,1671.0,7070,19041.0
B0464,P0335,ENT,Ultrasound,Planned,General Ward,5,6222.0,1375,15397.0
B0465,P0455,Dermatology,ECG,Planned,Private,15,5497.0,11738,85535.0
B0466,P0225,Pediatrics,Minor Surgery,Emergency,General Ward,5,1595.0,7364,26959.0
B0467,P0052,Neurology,Ultrasound,Planned,Private,11,9516.0,5293,66109.0
B0468,P0354,General Medicine,Physiotherapy,Emergency,General Ward,7,7497.0,1115,18512.0
B0469,P0260,Dermatology,Ultrasound,Planned,Semi-Private,8,5182.0,12765,39747.0
B0470,P0129,General Medicine,Consultation,Emergency,General Ward,10,2518.0,1905,17423.0
B0471,P0105,Neurology,Consultation,Emergency,General Ward,3,1044.0,7149,12793.0
B0472,P0127,General Medicine,MRI Scan,Planned,General Ward,13,5702.0,3188,30490.0
B0473,P0127,Pediatrics,MRI Scan,Emergency,General Ward,3,1886.0,3050,14536.0
B0474,P0334,Pediatrics,Consultation,Planned,Private,3,737.0,12344,27581.0
B0475,P0095,Neurology,MRI Scan,Planned,General Ward,6,3131.0,8241,24572.0
B0476,P0166,Orthopedics,ECG,Referral,Private,6,8982.0,5013,41795.0
B0477,P0114,Neurology,Physiotherapy,Referral,Private,12,8934.0,7176,71610.0
B0478,P0053,Neurology,Minor Surgery,Planned,Semi-Private,11,4312.0,753,44565.0
B0479,P0340,ENT,Minor Surgery,Planned,Private,2,5385.0,12624,39009.0
B0480,P0259,Cardiology,MRI Scan,Planned,,10,5000.0,12005,23005.0
B0481,P0483,Pulmonology,Vaccination,Planned,Semi-Private,3,9872.0,3707,21679.0
B0482,P0494,Pulmonology,Physiotherapy,Planned,Semi-Private,1,8850.0,1007,13857.0
B0483,P0225,Cardiology,Physiotherapy,Planned,General Ward,10,8687.0,13852,36039.0
B0484,P0015,Orthopedics,Vaccination,Planned,Semi-Private,2,9815.0,1140,16555.0
B0485,P0003,ENT,MRI Scan,Referral,Semi-Private,10,7026.0,2878,40904.0
B0486,P0348,Pulmonology,Blood Test,Emergency,General Ward,11,8508.0,12728,35136.0
B0487,P0475,Neurology,X-Ray,,General Ward,4,5767.0,7920,19687.0
B0488,P0367,Cardiology,MRI Scan,Emergency,Semi-Private,10,2335.0,5564,38899.0
B0489,P0239,Neurology,MRI Scan,Referral,Semi-Private,13,1201.0,2140,41841.0
B0490,P0161,Orthopedics,Consultation,Referral,Semi-Private,14,3850.0,494,40344.0
B0491,P0467,Cardiology,Minor Surgery,Planned,Private,14,8221.0,14259,97480.0
B0492,P0440,Cardiology,Physiotherapy,Planned,General Ward,11,9782.0,11728,36210.0
B0493,P0378,Pulmonology,Blood Test,Referral,General Ward,13,7513.0,1375,25188.0
B0494,P0289,General Medicine,ECG,Planned,General Ward,2,3046.0,1452,7698.0
B0495,P0415,Dermatology,CT Scan,Planned,General Ward,6,8830.0,5843,26373.0
B0496,P0260,Pediatrics,CT Scan,,Private,7,7808.0,300,44108.0
B0497,P0224,Pulmonology,Blood Test,Emergency,Private,5,2837.0,5863,31900.0
B0498,P0234,Neurology,ECG,Referral,Semi-Private,7,1437.0,10304,30041.0
B0499,P0220,Pulmonology,Blood Test,Planned,Private,7,5067.0,3648,40915.0
B0500,P0248,ENT,Ultrasound,Referral,General Ward,2,5368.0,3203,12771.0
B0501,P0336,Orthopedics,X-Ray,Referral,General Ward,9,8890.0,4842,25732.0
B0502,P0369,Neurology,ECG,Referral,Semi-Private,7,5589.0,1314,25203.0
B0503,P0107,ENT,Minor Surgery,Planned,General Ward,8,3810.0,3392,28802.0
B0504,P0220,Neurology,Vaccination,Planned,General Ward,11,7975.0,3540,25315.0
B0505,P0335,Neurology,Minor Surgery,Referral,General Ward,5,5376.0,7289,30665.0
B0506,P0112,Orthopedics,MRI Scan,Planned,General Ward,3,8116.0,6650,24366.0
B0507,P0022,Pulmonology,Physiotherapy,Emergency,Semi-Private,1,3904.0,8056,15960.0
B0508,P0159,Pediatrics,Blood Test,Emergency,Semi-Private,13,1015.0,11262,45477.0
B0509,P0188,Neurology,CT Scan,Planned,Private,3,4495.0,4621,27116.0
B0510,P0341,Pulmonology,Blood Test,Emergency,General Ward,11,1702.0,11792,27394.0
B0511,P0288,ENT,Physiotherapy,Planned,Semi-Private,8,8125.0,11873,41498.0
B0512,P0071,Dermatology,Physiotherapy,Emergency,Private,7,3759.0,3078,39837.0
B0513,P0225,Cardiology,CT Scan,Planned,General Ward,3,1503.0,9426,19029.0
B0514,P0392,General Medicine,Vaccination,Emergency,General Ward,6,8131.0,6811,22742.0
B0515,P0078,Pediatrics,MRI Scan,Emergency,Private,4,9036.0,12798,45834.0
B0516,P0190,Pediatrics,X-Ray,Referral,Private,9,2122.0,14194,58016.0
B0517,P0249,Neurology,MRI Scan,Planned,General Ward,15,5101.0,8875,37976.0
B0518,P0217,Orthopedics,X-Ray,Planned,Private,15,8552.0,10686,87938.0
B0519,P0224,Pediatrics,Consultation,Planned,Semi-Private,8,7842.0,5029,33871.0
B0520,P0028,General Medicine,MRI Scan,Planned,Private,6,1057.0,6009,40066.0
B0521,P0322,General Medicine,X-Ray,Planned,General Ward,10,740.0,12837,26777.0
B0522,P0017,Dermatology,Physiotherapy,Emergency,Private,11,3942.0,416,55358.0
B0523,P0475,Dermatology,X-Ray,Planned,General Ward,14,3326.0,14840,36166.0
B0524,P0386,Orthopedics,Blood Test,Emergency,General Ward,2,2356.0,13880,19336.0
B0525,P0136,Neurology,Minor Surgery,Referral,Semi-Private,5,6659.0,9069,40228.0
B0526,P0294,ENT,Blood Test,Referral,General Ward,10,3174.0,1934,17808.0
B0527,P0404,General Medicine,Consultation,Planned,General Ward,3,1491.0,14590,20681.0
B0528,P0256,Cardiology,Minor Surgery,Planned,General Ward,5,4392.0,13994,36386.0
B0529,P0369,General Medicine,MRI Scan,Planned,General Ward,11,7013.0,10339,36552.0
B0530,P0192,Dermatology,Blood Test,Planned,Private,8,8582.0,11609,56891.0
B0531,P0229,Pediatrics,X-Ray,Emergency,Private,13,9976.0,869,70545.0
B0532,P0377,Neurology,Physiotherapy,Planned,General Ward,4,2566.0,4386,13252.0
B0533,P0405,Dermatology,Blood Test,Emergency,Private,3,5264.0,7445,26909.0
B0534,P0090,Pediatrics,CT Scan,Planned,Semi-Private,7,796.0,2018,24814.0
B0535,P0287,Pulmonology,ECG,Emergency,General Ward,2,5560.0,13398,22158.0
B0536,P0212,Pulmonology,Vaccination,Planned,General Ward,13,,5581,21781.0
B0537,P0326,General Medicine,CT Scan,Planned,Semi-Private,2,1797.0,8912,20209.0
B0538,P0114,Pulmonology,Minor Surgery,Planned,General Ward,7,9739.0,5471,35610.0
B0539,P0399,Pulmonology,MRI Scan,Planned,General Ward,15,1753.0,12318,38071.0
B0540,P0185,ENT,Ultrasound,Planned,Private,11,2520.0,9526,63346.0
B0541,P0257,Dermatology,Blood Test,Planned,General Ward,7,7082.0,6001,22183.0
B0542,P0090,Dermatology,Ultrasound,Planned,General Ward,6,6840.0,11943,27783.0
B0543,P0285,Pulmonology,Consultation,Referral,Semi-Private,2,3707.0,12593,22300.0
B0544,P0066,Orthopedics,X-Ray,Referral,Semi-Private,11,7135.0,11918,47753.0
B0545,P0278,Pediatrics,CT Scan,Planned,General Ward,9,8833.0,3660,27793.0
B0546,P0445,Dermatology,Ultrasound,Planned,Semi-Private,9,7906.0,9287,41493.0
B0547,P0029,ENT,Ultrasound,Planned,General Ward,4,7016.0,12763,26379.0
B0548,P0009,ENT,Consultation,Planned,General Ward,15,3234.0,5260,27494.0
B0549,P0297,Pediatrics,Physiotherapy,Planned,Semi-Private,9,8543.0,10455,42998.0
B0550,P0021,Orthopedics,Ultrasound,Planned,Semi-Private,9,1332.0,14498,40130.0
B0551,P0439,Cardiology,MRI Scan,Planned,,14,1585.0,10675,18260.0
B0552,P0249,General Medicine,MRI Scan,Referral,Semi-Private,14,625.0,4424,46049.0
B0553,P0096,Orthopedics,MRI Scan,Emergency,General Ward,14,9248.0,10925,42973.0
B0554,P0480,Orthopedics,Physiotherapy,Emergency,General Ward,11,1959.0,7358,24017.0
B0555,P0111,ENT,ECG,Emergency,Semi-Private,7,1754.0,3432,23486.0
B0556,P0236,Neurology,Minor Surgery,Emergency,Semi-Private,11,5458.0,3190,48148.0
B0557,P0040,Pediatrics,ECG,Planned,General Ward,7,5657.0,10937,25794.0
B0558,P0282,Pulmonology,MRI Scan,Planned,Private,3,3759.0,5003,28262.0
B0559,P0176,General Medicine,Ultrasound,Planned,General Ward,11,5549.0,14161,34710.0
B0560,P0126,Dermatology,Blood Test,Emergency,Private,15,2196.0,5516,75912.0
B0561,P0205,Dermatology,X-Ray,Planned,General Ward,14,8881.0,1268,28149.0
B0562,P0387,Orthopedics,ECG,Referral,General Ward,2,7890.0,14122,25212.0
B0563,P0224,General Medicine,Ultrasound,Emergency,Semi-Private,8,9135.0,10131,41066.0
B0564,P0033,ENT,Minor Surgery,Emergency,General Ward,6,1656.0,2691,23547.0
B0565,P0353,Dermatology,Minor Surgery,Emergency,Semi-Private,2,1086.0,4127,22213.0
B0566,P0298,Pediatrics,Ultrasound,Planned,General Ward,7,6951.0,13770,30921.0
B0567,P0234,Pediatrics,ECG,Planned,General Ward,13,2430.0,2722,21552.0
B0568,P0077,General Medicine,Vaccination,Planned,Private,4,903.0,5872,25375.0
B0569,P0299,Dermatology,Blood Test,Planned,Private,11,6484.0,11984,68668.0
B0570,P0454,Cardiology,CT Scan,Referral,Semi-Private,5,4112.0,3014,24126.0
B0571,P0004,Cardiology,X-Ray,Planned,General Ward,12,3990.0,5435,25025.0
B0572,P0358,Dermatology,Minor Surgery,Referral,Private,11,6744.0,10277,78521.0
B0573,P0192,Dermatology,Minor Surgery,Emergency,General Ward,3,6531.0,14871,37002.0
B0574,P0198,Dermatology,MRI Scan,Planned,Private,2,9193.0,12893,37086.0
B0575,P0435,Dermatology,Vaccination,Emergency,ICU,1,1584.0,1826,14010.0
B0576,P0451,ENT,Vaccination,Planned,General Ward,7,7207.0,953,17160.0
B0577,P0219,Neurology,Consultation,Emergency,Private,13,3029.0,2820,65349.0
B0578,P0232,General Medicine,Ultrasound,Emergency,Private,7,3750.0,10160,47210.0
B0579,P0468,Pediatrics,Blood Test,Emergency,Private,6,2031.0,7056,36787.0
B0580,P0402,Neurology,Minor Surgery,Planned,Private,5,8652.0,9019,52171.0
B0581,P0404,Orthopedics,X-Ray,Referral,General Ward,6,5114.0,3560,17074.0
B0582,P0158,Pediatrics,Vaccination,Planned,Semi-Private,9,7708.0,5096,35904.0
B0583,P0202,Neurology,ECG,Planned,Private,15,3981.0,14911,87192.0
B0584,P0180,General Medicine,CT Scan,Emergency,Private,8,8104.0,12397,61001.0
B0585,P0279,Dermatology,Minor Surgery,Emergency,Private,10,1743.0,3384,62127.0
B0586,P0303,Orthopedics,CT Scan,Referral,Semi-Private,2,8538.0,8961,26999.0
B0587,P0387,General Medicine,Physiotherapy,Planned,General Ward,8,1957.0,14207,27264.0
B0588,P0244,Dermatology,MRI Scan,Planned,Semi-Private,4,5477.0,5454,26931.0
B0589,P0050,General Medicine,Minor Surgery,Referral,Semi-Private,6,2089.0,3856,32945.0
B0590,P0378,Pediatrics,Ultrasound,Emergency,General Ward,1,2129.0,9327,14456.0
B0591,P0009,Dermatology,Consultation,Emergency,General Ward,15,3952.0,10061,33013.0
B0592,P0497,Pulmonology,MRI Scan,Planned,Private,13,7127.0,383,72010.0
B0593,P0403,Pulmonology,CT Scan,Emergency,Semi-Private,3,7718.0,8629,28347.0
B0594,P0420,Dermatology,ECG,Emergency,General Ward,10,3177.0,3948,19925.0
B0595,P0424,Cardiology,Consultation,Planned,Semi-Private,8,4689.0,7113,32802.0
B0596,P0411,Orthopedics,ECG,Referral,Private,2,4989.0,13159,27948.0
B0597,P0234,Pediatrics,Physiotherapy,Planned,General Ward,4,2481.0,14583,23364.0
B0598,P0348,Cardiology,CT Scan,Planned,General Ward,14,5966.0,2862,30128.0
B0599,P0235,General Medicine,Blood Test,Planned,Semi-Private,7,8629.0,2874,29703.0
B0600,P0115,ENT,Consultation,Emergency,General Ward,12,3205.0,4565,23170.0
B0601,P0072,Orthopedics,CT Scan,Planned,Semi-Private,5,9047.0,10947,36994.0
B0602,P0106,Cardiology,X-Ray,Planned,General Ward,15,5183.0,12486,36869.0
B0603,P0496,Pediatrics,X-Ray,Planned,Private,1,9881.0,5546,21127.0
B0604,P0072,Pulmonology,Physiotherapy,Planned,Private,8,6700.0,3930,48130.0
B0605,P0082,Orthopedics,Ultrasound,Planned,General Ward,1,4508.0,4122,11630.0
B0606,P0379,Neurology,Blood Test,Planned,ICU,2,5190.0,14380,40270.0
B0607,P0149,Dermatology,Ultrasound,Planned,Private,1,9475.0,9485,25260.0
B0608,P0494,Cardiology,Blood Test,Referral,Semi-Private,10,9372.0,4395,39467.0
B0609,P0141,Neurology,Minor Surgery,Planned,Private,2,768.0,12260,34028.0
B0610,P0283,Pediatrics,Physiotherapy,Referral,General Ward,10,5073.0,2361,20934.0
B0611,P0239,Neurology,MRI Scan,Emergency,Semi-Private,4,3457.0,14408,33865.0
B0612,P0380,Dermatology,CT Scan,Referral,Private,8,3697.0,6272,50469.0
B0613,P0062,Cardiology,Vaccination,Emergency,Semi-Private,2,1545.0,11111,18256.0
B0614,P0296,Pediatrics,Vaccination,Planned,General Ward,4,7674.0,5476,18550.0
B0615,P0309,Pediatrics,Blood Test,Planned,Private,15,4405.0,2950,75555.0
B0616,P0208,Pulmonology,Ultrasound,Planned,Semi-Private,11,1086.0,13761,44147.0
B0617,P0296,ENT,Vaccination,Planned,Private,15,7462.0,3062,78624.0
B0618,P0127,Neurology,ECG,Referral,General Ward,8,3539.0,4624,18563.0
B0619,P0265,Orthopedics,ECG,Planned,General Ward,2,647.0,5182,9029.0
B0620,P0411,Orthopedics,Physiotherapy,Planned,,15,8478.0,7486,17464.0
B0621,P0209,Dermatology,MRI Scan,Planned,Semi-Private,6,5654.0,5096,31750.0
B0622,P0259,Cardiology,Ultrasound,Referral,General Ward,15,9463.0,5367,34630.0
B0623,P0312,Cardiology,ECG,Planned,General Ward,13,1052.0,6049,23501.0
B0624,P0181,Orthopedics,MRI Scan,Planned,ICU,2,7632.0,11551,45183.0
B0625,P0260,Orthopedics,MRI Scan,Referral,Private,14,6671.0,2909,78580.0
B0626,P0296,Orthopedics,CT Scan,Planned,Semi-Private,15,,14580,56580.0
B0627,P0180,Pulmonology,ECG,Emergency,Private,2,2202.0,764,12766.0
B0628,P0312,Cardiology,CT Scan,Emergency,General Ward,1,8273.0,13981,27954.0
B0629,P0321,General Medicine,Minor Surgery,Emergency,Semi-Private,2,7396.0,3116,27512.0
B0630,P0206,Cardiology,Vaccination,Planned,General Ward,14,1977.0,10904,30281.0
B0631,P0200,Orthopedics,Vaccination,Emergency,General Ward,11,2953.0,3694,20447.0
B0632,P0327,General Medicine,Consultation,Emergency,General Ward,14,6240.0,7465,31505.0
B0633,P0030,Pulmonology,Minor Surgery,Planned,Private,12,3975.0,11198,81173.0
B0634,P0025,Dermatology,CT Scan,Planned,General Ward,5,3300.0,7645,21445.0
B0635,P0039,Pediatrics,CT Scan,Planned,General Ward,12,1304.0,5036,25240.0
B0636,P0208,Cardiology,Physiotherapy,Planned,Private,9,7814.0,2271,52085.0
B0637,P0331,Cardiology,Vaccination,Planned,General Ward,13,2259.0,14722,33181.0
B0638,P0153,Orthopedics,Ultrasound,Planned,Semi-Private,12,7159.0,9967,48926.0
B0639,P0033,Dermatology,CT Scan,Planned,Private,10,1360.0,13034,63894.0
B0640,P0447,General Medicine,ECG,Emergency,Semi-Private,6,1013.0,8004,24817.0
B0641,P0310,Neurology,CT Scan,Planned,General Ward,6,5197.0,4371,21268.0
B0642,P0116,Dermatology,Vaccination,Emergency,ICU,13,6154.0,13972,150726.0
B0643,P0435,Neurology,Minor Surgery,Emergency,Semi-Private,1,1858.0,11754,28112.0
B0644,P0112,General Medicine,Physiotherapy,Emergency,ICU,6,2543.0,3216,67259.0
B0645,P0469,Pulmonology,ECG,Planned,General Ward,1,3435.0,3952,9387.0
B0646,P0180,Neurology,CT Scan,Planned,General Ward,12,1687.0,11903,32490.0
B0647,P0436,ENT,Physiotherapy,Emergency,Semi-Private,11,6385.0,12669,48054.0
B0648,P0202,Pediatrics,X-Ray,Planned,ICU,11,7455.0,9011,127666.0
B0649,P0440,Pulmonology,Minor Surgery,Referral,General Ward,5,8360.0,8855,35215.0
B0650,P0114,ENT,ECG,Referral,General Ward,1,4250.0,1874,8124.0
B0651,P0073,Dermatology,Blood Test,Planned,Semi-Private,9,1406.0,8154,32760.0
B0652,P0001,Pediatrics,MRI Scan,Referral,Private,9,9204.0,8503,64207.0
B0653,P0226,Cardiology,Blood Test,Referral,Private,4,5363.0,14733,38796.0
B0654,P0031,Neurology,Consultation,Planned,Private,1,3782.0,7991,17273.0
B0655,P0277,Orthopedics,Blood Test,Referral,Private,2,3558.0,12628,25886.0
B0656,P0024,Cardiology,Vaccination,Emergency,General Ward,13,2161.0,2117,20478.0
B0657,P0019,General Medicine,Blood Test,Emergency,General Ward,10,3368.0,3422,19490.0
B0658,P0061,Pediatrics,CT Scan,Planned,Private,12,9475.0,5768,73743.0
B0659,P0112,Orthopedics,Minor Surgery,Emergency,ICU,1,6828.0,14007,42835.0
B0660,P0444,ENT,X-Ray,Planned,General Ward,8,2684.0,9750,23234.0
B0661,P0124,Orthopedics,ECG,Planned,General Ward,2,6986.0,6240,16426.0
B0662,P0469,General Medicine,X-Ray,Referral,ICU,9,8506.0,7519,107225.0
B0663,P0409,Cardiology,Minor Surgery,Planned,Private,8,9195.0,8516,65711.0
B0664,P0020,Cardiology,Consultation,Referral,General Ward,12,5555.0,6488,27443.0
B0665,P0117,Dermatology,ECG,Emergency,Semi-Private,5,9989.0,2400,25689.0
B0666,P0154,Cardiology,MRI Scan,Emergency,General Ward,1,8486.0,12604,28290.0
B0667,P0127,Pulmonology,MRI Scan,Planned,General Ward,7,4873.0,11530,30803.0
B0668,P0007,General Medicine,CT Scan,Planned,Private,8,7729.0,13343,61572.0
B0669,P0451,ENT,Physiotherapy,Planned,Semi-Private,8,1849.0,8128,31477.0
B0670,P0488,General Medicine,Vaccination,Planned,Semi-Private,4,4392.0,6461,21453.0
B0671,P0312,Pulmonology,Minor Surgery,Emergency,General Ward,13,4341.0,9227,41168.0
B0672,P0496,ENT,Vaccination,Emergency,General Ward,12,5917.0,13779,34696.0
B0673,P0072,ENT,Ultrasound,Referral,General Ward,8,6517.0,5192,23109.0
B0674,P0094,Neurology,Physiotherapy,Planned,Semi-Private,14,8408.0,11692,56600.0
B0675,P0011,Cardiology,Consultation,Referral,General Ward,9,3852.0,14863,30515.0
B0676,P0456,Cardiology,Ultrasound,Referral,General Ward,15,7037.0,2255,29092.0
B0677,P0249,Cardiology,X-Ray,Planned,General Ward,7,7138.0,2241,18979.0
B0678,P0485,Pulmonology,Blood Test,Referral,General Ward,11,5400.0,7331,26631.0
B0679,P0401,Pediatrics,ECG,Emergency,General Ward,12,1709.0,5954,22863.0
B0680,P0072,Pediatrics,MRI Scan,Emergency,General Ward,1,1712.0,14517,23429.0
B0681,P0175,Cardiology,Blood Test,,Private,15,9687.0,11430,89317.0
B0682,P0428,Cardiology,CT Scan,Planned,Semi-Private,6,8737.0,10803,39040.0
B0683,P0192,Cardiology,Ultrasound,Planned,General Ward,15,4499.0,11541,35840.0
B0684,P0414,Orthopedics,Ultrasound,Planned,Private,12,772.0,2567,59139.0
B0685,P0043,Orthopedics,Minor Surgery,Planned,General Ward,3,5523.0,678,21801.0
B0686,P0235,Dermatology,CT Scan,Planned,General Ward,8,2329.0,9741,26170.0
B0687,P0016,Cardiology,X-Ray,Referral,General Ward,2,1174.0,11320,16094.0
B0688,P0119,General Medicine,Ultrasound,Planned,General Ward,6,689.0,10178,19867.0
B0689,P0260,Cardiology,Minor Surgery,Referral,Semi-Private,13,9751.0,6921,61172.0
B0690,P0341,Neurology,CT Scan,Planned,General Ward,13,8947.0,7230,36277.0
B0691,P0050,Orthopedics,Physiotherapy,Planned,Semi-Private,8,2112.0,12439,36051.0
B0692,P0034,Pediatrics,Ultrasound,Emergency,Semi-Private,15,7816.0,6622,53738.0
B0693,P0254,Pediatrics,CT Scan,Emergency,Private,13,1068.0,13891,77959.0
B0694,P0232,ENT,Consultation,Emergency,General Ward,7,5785.0,12097,27282.0
B0695,P0291,General Medicine,Ultrasound,Referral,Semi-Private,14,4032.0,6818,47650.0
B0696,P0064,ENT,ECG,Planned,Semi-Private,11,1007.0,14220,43527.0
B0697,P0269,Dermatology,Ultrasound,Planned,General Ward,6,5592.0,2449,17041.0
B0698,P0363,Cardiology,ECG,Emergency,General Ward,6,3414.0,9573,20987.0
B0699,P0027,Cardiology,CT Scan,Planned,Private,5,2389.0,6791,36180.0
B0700,P0456,Neurology,Vaccination,Planned,Private,9,7519.0,5302,53921.0
B0701,P0425,ENT,Blood Test,Referral,General Ward,1,4065.0,5819,11784.0
B0702,P0298,Pulmonology,MRI Scan,Emergency,Private,15,6107.0,5958,85565.0
B0703,P0413,Pediatrics,Ultrasound,Planned,ICU,15,4180.0,8014,163994.0
B0704,P0254,Pulmonology,ECG,Planned,General Ward,14,1401.0,1811,20812.0
B0705,P0144,Orthopedics,Vaccination,Planned,Semi-Private,11,2247.0,6916,37263.0
B0706,P0235,Orthopedics,CT Scan,Referral,Semi-Private,6,6400.0,1923,27823.0
B0707,P0181,Orthopedics,Blood Test,Planned,General Ward,15,5716.0,4393,28809.0
B0708,P0046,ENT,CT Scan,Planned,Private,14,5292.0,13425,86217.0
B0709,P0453,Pulmonology,Ultrasound,Planned,Semi-Private,2,6773.0,5367,18940.0
B0710,P0293,Pulmonology,Minor Surgery,Emergency,Private,13,5425.0,9350,85275.0
B0711,P0360,Pulmonology,Consultation,Referral,Private,8,5965.0,13659,56624.0
B0712,P0232,Dermatology,Minor Surgery,Emergency,Semi-Private,11,3530.0,12388,55418.0
B0713,P0490,Neurology,Physiotherapy,Emergency,Private,13,6807.0,2696,69503.0
B0714,P0444,ENT,Minor Surgery,Planned,General Ward,15,6028.0,10112,46140.0
B0715,P0202,Pulmonology,Minor Surgery,Emergency,ICU,2,738.0,14395,47133.0
B0716,P0143,Dermatology,Consultation,Emergency,General Ward,6,7980.0,14175,30355.0
B0717,P0405,Neurology,Ultrasound,Emergency,General Ward,11,7800.0,4010,26810.0
B0718,P0290,Cardiology,Blood Test,Planned,General Ward,4,7664.0,14046,27210.0
B0719,P0214,ENT,Minor Surgery,Planned,General Ward,1,4915.0,7549,25664.0
B0720,P0214,Neurology,Ultrasound,Emergency,Semi-Private,9,5324.0,14445,44069.0
B0721,P0009,Pulmonology,Vaccination,Planned,Semi-Private,12,5352.0,11361,47313.0
B0722,P0154,Orthopedics,Vaccination,Emergency,General Ward,14,3663.0,11710,32773.0
B0723,P0333,Cardiology,Physiotherapy,Planned,General Ward,9,9321.0,11629,33250.0
B0724,P0246,Neurology,Ultrasound,Planned,Semi-Private,6,4526.0,8839,30165.0
B0725,P0402,Dermatology,Vaccination,Planned,Semi-Private,11,3702.0,12613,44415.0
B0726,P0257,Pulmonology,Physiotherapy,Planned,General Ward,14,3184.0,8916,30400.0
B0727,P0279,Dermatology,MRI Scan,Planned,Semi-Private,6,2544.0,464,24008.0
B0728,P0289,General Medicine,CT Scan,Planned,Private,3,5532.0,12915,36447.0
B0729,P0431,ENT,Physiotherapy,Planned,ICU,5,7251.0,7391,66142.0
B0730,P0095,Orthopedics,CT Scan,Emergency,Private,13,2102.0,14766,79868.0
B0731,P0378,General Medicine,ECG,Emergency,General Ward,9,4474.0,3965,20039.0
B0732,P0277,Pediatrics,Minor Surgery,Emergency,General Ward,1,9684.0,14000,36884.0
B0733,P0215,General Medicine,ECG,Planned,General Ward,1,8443.0,5038,15481.0
B0734,P0208,Orthopedics,CT Scan,Planned,,3,2036.0,8434,14970.0
B0735,P0061,ENT,Ultrasound,Planned,General Ward,7,5495.0,2008,17703.0
B0736,P0283,Neurology,X-Ray,Emergency,Semi-Private,14,2523.0,8254,46977.0
B0737,P0229,ENT,CT Scan,Referral,Semi-Private,7,8226.0,10014,40240.0
B0738,P0447,Orthopedics,Blood Test,Emergency,General Ward,10,8981.0,5130,26811.0
B0739,P0102,Cardiology,Vaccination,Planned,Private,4,1406.0,5120,25126.0
B0740,P0180,Cardiology,X-Ray,Referral,General Ward,11,7468.0,5391,27259.0
B0741,P0448,Pediatrics,Vaccination,Planned,General Ward,6,9023.0,3637,20460.0
B0742,P0142,Pediatrics,Consultation,Planned,Semi-Private,6,5866.0,3019,24885.0
B0743,P0357,Orthopedics,Blood Test,Planned,General Ward,2,3912.0,10702,17714.0
B0744,P0431,Pulmonology,CT Scan,Planned,Semi-Private,10,6502.0,4268,40270.0
B0745,P0263,General Medicine,Physiotherapy,Planned,General Ward,1,5792.0,12630,21122.0
B0746,P0332,General Medicine,X-Ray,Emergency,Semi-Private,13,6835.0,6512,47047.0
B0747,P0156,General Medicine,Physiotherapy,Planned,General Ward,7,603.0,2359,12862.0
B0748,P0387,Dermatology,Blood Test,Planned,General Ward,2,6413.0,6783,16296.0
B0749,P0406,General Medicine,Minor Surgery,Planned,Private,13,9427.0,6446,86373.0
B0750,P0243,Neurology,ECG,Planned,,1,7147.0,11525,19472.0
B0751,P0085,Pediatrics,Consultation,Emergency,Private,8,4075.0,13827,54902.0
B0752,P0191,General Medicine,Vaccination,Referral,General Ward,9,4349.0,6243,21992.0
B0753,P0285,Cardiology,Ultrasound,,General Ward,14,561.0,12923,32084.0
B0754,P0404,Cardiology,Consultation,Planned,Private,11,9411.0,536,60447.0
B0755,P0067,Orthopedics,ECG,Emergency,ICU,13,4693.0,1087,136580.0
B0756,P0475,Orthopedics,X-Ray,Emergency,Private,5,1753.0,820,26273.0
B0757,P0213,Pulmonology,MRI Scan,Emergency,Semi-Private,5,5871.0,4607,28978.0
B0758,P0361,ENT,MRI Scan,Planned,General Ward,9,3124.0,2893,22817.0
B0759,P0417,ENT,Blood Test,Referral,General Ward,8,1254.0,11680,23234.0
B0760,P0094,Pediatrics,CT Scan,Planned,Semi-Private,12,6556.0,12856,53912.0
B0761,P0048,Cardiology,Blood Test,Planned,Private,1,1911.0,12287,19398.0
B0762,P0359,General Medicine,CT Scan,Planned,Private,2,3689.0,3589,20778.0
B0763,P0297,ENT,ECG,Referral,General Ward,6,3763.0,8402,20165.0
B0764,P0123,Pulmonology,CT Scan,Planned,Semi-Private,11,954.0,6203,39157.0
B0765,P0137,Neurology,Minor Surgery,Planned,General Ward,6,9713.0,10336,39249.0
B0766,P0176,Dermatology,Ultrasound,Emergency,Semi-Private,1,7036.0,6095,17431.0
B0767,P0486,Orthopedics,Minor Surgery,Planned,General Ward,7,6458.0,6970,33828.0
B0768,P0215,Dermatology,MRI Scan,Planned,Private,9,790.0,5716,53006.0
B0769,P0182,ENT,Vaccination,Planned,Private,1,7547.0,8726,21373.0
B0770,P0023,Pulmonology,ECG,Planned,Semi-Private,7,3417.0,2937,24654.0
B0771,P0193,Neurology,MRI Scan,Emergency,Semi-Private,10,6194.0,3309,40503.0
B0772,P0149,Dermatology,MRI Scan,Planned,Private,6,4447.0,11940,49387.0
B0773,P0416,Orthopedics,Blood Test,Planned,Private,3,7266.0,14482,35948.0
B0774,P0365,Pulmonology,Ultrasound,Planned,Private,11,8117.0,5484,64901.0
B0775,P0154,Neurology,Blood Test,Referral,Private,15,7608.0,7833,83641.0
B0776,P0033,Neurology,ECG,Emergency,Private,3,6680.0,1501,22481.0
B0777,P0188,Dermatology,Consultation,Planned,General Ward,12,5411.0,1930,22741.0
B0778,P0393,Dermatology,MRI Scan,Referral,ICU,6,2613.0,14064,82677.0
B0779,P0081,Orthopedics,Blood Test,Planned,General Ward,14,9653.0,2465,29618.0
B0780,P0070,Orthopedics,Ultrasound,Emergency,General Ward,9,7546.0,4382,24528.0
B0781,P0430,Pediatrics,Blood Test,Planned,Private,1,3080.0,10056,18336.0
B0782,P0007,General Medicine,CT Scan,Emergency,General Ward,7,9277.0,4635,26812.0
B0783,P0128,Dermatology,Physiotherapy,Planned,Semi-Private,2,8333.0,5861,20694.0
B0784,P0007,General Medicine,Physiotherapy,Planned,Private,3,2014.0,12407,29421.0
B0785,P0121,Dermatology,Blood Test,Planned,Private,14,7689.0,13698,85087.0
B0786,P0229,Neurology,ECG,Planned,Semi-Private,7,4000.0,11010,33310.0
B0787,P0453,ENT,Blood Test,Referral,General Ward,7,7073.0,5882,22055.0
B0788,P0161,Pediatrics,Minor Surgery,Emergency,General Ward,5,6626.0,11449,36075.0
B0789,P0114,ENT,Vaccination,Planned,General Ward,12,2367.0,2080,19447.0
B0790,P0138,ENT,Physiotherapy,Emergency,General Ward,1,9283.0,12823,24806.0
B0791,P0209,Orthopedics,MRI Scan,Emergency,General Ward,12,1122.0,10663,32185.0
B0792,P0360,Orthopedics,CT Scan,Planned,Semi-Private,4,906.0,9137,24543.0
B0793,P0284,Neurology,Blood Test,Planned,General Ward,5,4544.0,14576,25820.0
B0794,P0175,Pediatrics,Ultrasound,Planned,General Ward,2,5949.0,4455,14604.0
B0795,P0302,Neurology,X-Ray,Emergency,Private,15,1351.0,8879,78930.0
B0796,P0022,General Medicine,Blood Test,Emergency,General Ward,3,1307.0,2646,8253.0
B0797,P0021,Orthopedics,ECG,Emergency,Private,8,8922.0,7410,53132.0
B0798,P0254,Pediatrics,Ultrasound,Planned,Private,6,4645.0,3565,37010.0
B0799,P0367,Orthopedics,Vaccination,Emergency,Private,1,,13914,19014.0
B0800,P0184,Neurology,Physiotherapy,Planned,Semi-Private,4,6527.0,4793,22820.0
B0801,P0288,Pediatrics,X-Ray,Emergency,General Ward,5,8597.0,6599,22396.0
B0802,P0160,ENT,Consultation,Emergency,General Ward,1,6465.0,8244,16909.0
B0803,P0371,Dermatology,Ultrasound,Referral,General Ward,8,1376.0,14379,27155.0
B0804,P0164,ENT,MRI Scan,Planned,Semi-Private,10,8135.0,4168,43303.0
B0805,P0415,ENT,Ultrasound,Planned,ICU,3,5664.0,1283,38747.0
B0806,P0326,ENT,Consultation,Planned,General Ward,14,6675.0,14542,39017.0
B0807,P0310,General Medicine,Ultrasound,Referral,ICU,1,7689.0,9149,28638.0
B0808,P0277,Dermatology,Blood Test,Planned,General Ward,3,5699.0,13110,23109.0
B0809,P0035,Pediatrics,X-Ray,Planned,General Ward,9,1686.0,8970,22656.0
B0810,P0206,Neurology,Physiotherapy,Planned,Semi-Private,11,1108.0,3049,33157.0
B0811,P0023,Orthopedics,Blood Test,Emergency,General Ward,15,,8668,27368.0
B0812,P0254,Neurology,ECG,Emergency,Semi-Private,9,4043.0,7772,35115.0
B0813,P0170,Pediatrics,X-Ray,Referral,Private,13,7367.0,7391,74458.0
B0814,P0254,Dermatology,X-Ray,Planned,General Ward,9,6214.0,9906,28120.0
B0815,P0024,Pediatrics,CT Scan,Emergency,Semi-Private,5,5108.0,2122,24230.0
B0816,P0350,Dermatology,Blood Test,Planned,General Ward,10,9814.0,5517,28031.0
B0817,P0330,ENT,Ultrasound,Planned,ICU,1,2819.0,10523,25142.0
B0818,P0325,Neurology,Minor Surgery,Planned,Semi-Private,3,6265.0,480,26245.0
B0819,P0383,Pulmonology,Consultation,Referral,General Ward,12,2225.0,5817,23442.0
B0820,P0125,General Medicine,Vaccination,Emergency,General Ward,10,3309.0,10949,26858.0
B0821,P0251,General Medicine,ECG,Planned,General Ward,14,8875.0,3610,30085.0
B0822,P0426,Pulmonology,Minor Surgery,Planned,Semi-Private,6,9001.0,13378,49379.0
B0823,P0158,Cardiology,CT Scan,Planned,General Ward,12,6643.0,7679,33222.0
B0824,P0199,Cardiology,Blood Test,Planned,Semi-Private,4,3527.0,13381,27608.0
B0825,P0390,Dermatology,X-Ray,Planned,Semi-Private,6,8173.0,9369,33742.0
B0826,P0200,Orthopedics,Consultation,Referral,Private,6,9269.0,2405,39674.0
B0827,P0308,Orthopedics,Vaccination,Planned,General Ward,10,6577.0,9902,29079.0
B0828,P0218,Orthopedics,Consultation,Emergency,General Ward,15,7641.0,9961,36602.0
B0829,P0338,Orthopedics,CT Scan,Planned,Private,8,784.0,10293,51577.0
B0830,P0484,Cardiology,Minor Surgery,Emergency,General Ward,7,2472.0,8142,31014.0
B0831,P0410,General Medicine,X-Ray,Planned,Private,7,7908.0,6200,46808.0
B0832,P0356,Dermatology,ECG,Planned,General Ward,5,2362.0,2016,11178.0
B0833,P0041,Orthopedics,ECG,Planned,Semi-Private,1,2331.0,9779,15410.0
B0834,P0452,Dermatology,X-Ray,Planned,General Ward,12,5540.0,7216,28356.0
B0835,P0182,Cardiology,ECG,Planned,Semi-Private,10,9633.0,539,35972.0
B0836,P0316,Pulmonology,Vaccination,Planned,General Ward,8,3732.0,1651,15583.0
B0837,P0333,Pulmonology,Consultation,Planned,Private,1,1605.0,11201,18306.0
B0838,P0439,General Medicine,CT Scan,Planned,Private,3,8834.0,9883,36717.0
B0839,P0408,General Medicine,Vaccination,Planned,Semi-Private,14,9871.0,1357,46828.0
B0840,P0375,General Medicine,ECG,Emergency,Semi-Private,13,6018.0,9904,49222.0
B0841,P0351,ENT,Blood Test,Planned,Private,2,4117.0,4036,17853.0
B0842,P0127,ENT,ECG,Emergency,Private,15,5724.0,3978,78002.0
B0843,P0214,Dermatology,Minor Surgery,Emergency,General Ward,12,8103.0,6107,40610.0
B0844,P0424,Pulmonology,X-Ray,Emergency,ICU,14,9854.0,7650,158704.0
B0845,P0466,Cardiology,X-Ray,Emergency,Semi-Private,9,7684.0,5813,37197.0
B0846,P0192,Dermatology,CT Scan,Planned,General Ward,11,6279.0,5169,29148.0
B0847,P0418,Cardiology,Vaccination,Planned,Semi-Private,6,4026.0,13694,33320.0
B0848,P0471,Neurology,Consultation,Emergency,Semi-Private,10,8072.0,10699,44771.0
B0849,P0039,Neurology,MRI Scan,Planned,Private,8,8889.0,5999,56888.0
B0850,P0239,Cardiology,Minor Surgery,Planned,Semi-Private,14,7978.0,6472,61450.0
B0851,P0485,Orthopedics,ECG,Planned,Private,8,6977.0,4297,48074.0
B0852,P0122,General Medicine,Minor Surgery,Emergency,General Ward,7,5960.0,8646,35006.0
B0853,P0239,Neurology,ECG,Emergency,Semi-Private,13,2259.0,2250,37809.0
B0854,P0257,Neurology,Physiotherapy,Planned,General Ward,7,1394.0,950,12244.0
B0855,P0379,Pulmonology,MRI Scan,Referral,General Ward,8,4537.0,974,21111.0
B0856,P0234,General Medicine,MRI Scan,Referral,Private,2,3995.0,12958,31953.0
B0857,P0020,Neurology,X-Ray,Emergency,Private,13,4919.0,14861,79480.0
B0858,P0111,ENT,ECG,Planned,General Ward,9,7735.0,9378,28713.0
B0859,P0153,Pediatrics,MRI Scan,Planned,General Ward,3,6424.0,9589,25613.0
B0860,P0134,Pulmonology,ECG,Emergency,General Ward,5,2856.0,10889,20545.0
B0861,P0116,Pulmonology,Blood Test,Planned,Semi-Private,4,3681.0,2165,16546.0
B0862,P0094,Pediatrics,Ultrasound,Planned,General Ward,10,1664.0,1291,16755.0
B0863,P0468,Neurology,Vaccination,Planned,Semi-Private,1,1686.0,1163,5949.0
B0864,P0457,Orthopedics,X-Ray,Planned,General Ward,9,4624.0,13658,30282.0
B0865,P0120,Pediatrics,Blood Test,Planned,Private,5,857.0,1513,25570.0
B0866,P0496,Orthopedics,Minor Surgery,Emergency,ICU,12,6389.0,12639,151028.0
B0867,P0369,Cardiology,CT Scan,Planned,Semi-Private,9,8262.0,6275,41537.0
B0868,P0466,General Medicine,CT Scan,Referral,Private,1,1034.0,10225,20259.0
B0869,P0232,ENT,MRI Scan,Planned,General Ward,6,6893.0,9157,29250.0
B0870,P0259,Neurology,MRI Scan,Planned,Private,6,4474.0,6776,44250.0
B0871,P0164,Pediatrics,Minor Surgery,Referral,General Ward,8,8515.0,12634,42749.0
B0872,P0326,Dermatology,X-Ray,Planned,General Ward,5,5597.0,11456,24253.0
B0873,P0492,Orthopedics,Vaccination,Planned,Semi-Private,13,7666.0,3544,44310.0
B0874,P0166,Pulmonology,X-Ray,Planned,General Ward,5,2200.0,7634,17034.0
B0875,P0065,Neurology,CT Scan,Emergency,Semi-Private,15,3583.0,4583,50166.0
B0876,P0083,Cardiology,Minor Surgery,Planned,Semi-Private,15,6717.0,3209,59426.0
B0877,P0294,Cardiology,Physiotherapy,Referral,Semi-Private,10,555.0,6375,33430.0
B0878,P0284,Pediatrics,Vaccination,Emergency,ICU,11,9697.0,712,121009.0
B0879,P0431,ENT,X-Ray,Emergency,Private,13,6825.0,5155,71680.0
B0880,P0457,Neurology,Ultrasound,Planned,Private,13,1824.0,11806,73930.0
B0881,P0047,Neurology,X-Ray,Planned,General Ward,5,3004.0,7122,17326.0
B0882,P0255,Dermatology,MRI Scan,Emergency,General Ward,10,3617.0,10924,32541.0
B0883,P0010,ENT,Consultation,Emergency,General Ward,2,7997.0,6280,17677.0
B0884,P0344,Neurology,Ultrasound,Referral,Semi-Private,4,4678.0,7492,23970.0
B0885,P0474,ENT,Ultrasound,Referral,Semi-Private,14,5710.0,12790,55300.0
B0886,P0456,Cardiology,X-Ray,Planned,General Ward,1,6086.0,12735,21221.0
B0887,P0133,Pulmonology,Consultation,Planned,General Ward,3,2486.0,3571,10657.0
B0888,P0397,Cardiology,Physiotherapy,Emergency,Semi-Private,4,6285.0,6678,24463.0
B0889,P0342,General Medicine,Consultation,Referral,Semi-Private,1,3559.0,13997,21056.0
B0890,P0034,Cardiology,MRI Scan,Planned,Semi-Private,15,5399.0,6585,55484.0
B0891,P0409,Cardiology,Ultrasound,Emergency,General Ward,12,3280.0,12143,31623.0
B0892,P0151,General Medicine,X-Ray,Planned,General Ward,6,6717.0,12812,27929.0
B0893,P0233,Neurology,CT Scan,Emergency,General Ward,2,8660.0,7053,22613.0
B0894,P0368,Pulmonology,MRI Scan,Planned,Semi-Private,5,7725.0,4964,31189.0
B0895,P0341,Cardiology,X-Ray,Referral,General Ward,7,8158.0,10657,28415.0
B0896,P0259,General Medicine,Ultrasound,Planned,Private,4,7410.0,5120,32330.0
B0897,P0264,Neurology,Vaccination,Planned,Semi-Private,3,585.0,14866,23551.0
B0898,P0174,Dermatology,Blood Test,Planned,General Ward,3,7362.0,6533,18195.0
B0899,P0242,Orthopedics,Consultation,Referral,Private,15,6483.0,7365,82348.0
B0900,P0446,General Medicine,Vaccination,Emergency,Semi-Private,9,865.0,10843,34808.0
B0901,P0167,General Medicine,Vaccination,Planned,Private,3,9138.0,5275,28513.0
B0902,P0307,Pulmonology,Ultrasound,Referral,General Ward,10,1217.0,12488,27505.0
B0903,P0231,Neurology,Ultrasound,Planned,Private,11,9621.0,4185,65106.0
B0904,P0278,Pediatrics,CT Scan,Planned,Private,12,4034.0,13618,76152.0
B0905,P0301,Orthopedics,Minor Surgery,Planned,Semi-Private,15,4494.0,10824,64818.0
B0906,P0203,Cardiology,ECG,Planned,Private,3,2870.0,13330,30500.0
B0907,P0151,Pediatrics,Consultation,Emergency,General Ward,4,8070.0,8644,22514.0
B0908,P0433,Neurology,Vaccination,Referral,General Ward,6,5200.0,14631,27631.0
B0909,P0336,Neurology,Ultrasound,Planned,General Ward,12,5347.0,5143,26690.0
B0910,P0244,Neurology,Blood Test,Planned,Private,5,5037.0,10309,38546.0
B0911,P0124,Pediatrics,Physiotherapy,Planned,Semi-Private,10,5181.0,7734,39415.0
B0912,P0179,Neurology,Blood Test,Planned,General Ward,1,2614.0,12060,16574.0
B0913,P0028,Orthopedics,Minor Surgery,Emergency,Private,8,9156.0,12221,69377.0
B0914,P0355,Pediatrics,Minor Surgery,Planned,Semi-Private,8,7741.0,3186,42927.0
B0915,P0362,Dermatology,MRI Scan,Referral,Semi-Private,6,3421.0,12102,36523.0
B0916,P0285,Orthopedics,Minor Surgery,Emergency,General Ward,4,4182.0,11471,32453.0
B0917,P0443,Dermatology,X-Ray,,General Ward,5,4394.0,14588,26182.0
B0918,P0248,Dermatology,Blood Test,,General Ward,11,6359.0,12466,32725.0
B0919,P0358,Orthopedics,X-Ray,Emergency,General Ward,3,4694.0,11140,20634.0
B0920,P0198,Neurology,X-Ray,Planned,ICU,1,6015.0,9555,26770.0
B0921,P0241,Orthopedics,ECG,Planned,General Ward,2,8932.0,3865,15997.0
B0922,P0334,Pediatrics,Physiotherapy,Planned,General Ward,10,847.0,14466,28813.0
B0923,P0221,Neurology,Minor Surgery,Planned,Semi-Private,6,3946.0,1432,32378.0
B0924,P0497,Cardiology,Ultrasound,Emergency,General Ward,12,3942.0,4429,24571.0
B0925,P0412,General Medicine,Consultation,Emergency,General Ward,15,4322.0,2466,25788.0
B0926,P0458,ENT,Physiotherapy,Planned,General Ward,4,3012.0,4673,13985.0
B0927,P0110,Cardiology,Physiotherapy,Emergency,Semi-Private,2,9553.0,1417,17470.0
B0928,P0431,Pulmonology,CT Scan,Planned,Semi-Private,2,6245.0,8054,23799.0
B0929,P0004,Pediatrics,Minor Surgery,Planned,Semi-Private,2,8046.0,1748,26794.0
B0930,P0472,Neurology,X-Ray,Planned,Semi-Private,6,6070.0,2105,24375.0
B0931,P0130,Pediatrics,Minor Surgery,Planned,General Ward,15,800.0,14939,45739.0
B0932,P0366,ENT,CT Scan,Emergency,Private,9,681.0,9249,54930.0
B0933,P0064,Pulmonology,X-Ray,Emergency,General Ward,14,879.0,11446,30325.0
B0934,P0285,Neurology,Consultation,Planned,Private,1,7176.0,5309,17985.0
B0935,P0345,Pulmonology,Minor Surgery,,General Ward,14,7929.0,5500,42229.0
B0936,P0095,Dermatology,Minor Surgery,Planned,Semi-Private,3,6490.0,10231,36221.0
B0937,P0431,Pulmonology,Ultrasound,Referral,Semi-Private,1,9838.0,8687,22825.0
B0938,P0499,General Medicine,Ultrasound,Planned,Private,10,5827.0,9366,61993.0
B0939,P0238,Orthopedics,Physiotherapy,Planned,Semi-Private,14,7606.0,4295,48401.0
B0940,P0015,Orthopedics,Blood Test,Planned,General Ward,2,2904.0,3959,9963.0
B0941,P0166,Orthopedics,Minor Surgery,Planned,General Ward,4,7227.0,1843,25870.0
B0942,P0353,ENT,MRI Scan,Emergency,Semi-Private,8,1218.0,12637,39855.0
B0943,P0242,Dermatology,X-Ray,Planned,Semi-Private,9,8507.0,9354,41561.0
B0944,P0177,General Medicine,MRI Scan,Planned,Private,10,7163.0,9048,67211.0
B0945,P0200,Dermatology,Minor Surgery,Planned,Semi-Private,10,8459.0,5006,50465.0
B0946,P0040,Pediatrics,Minor Surgery,Planned,ICU,1,5121.0,3225,30346.0
B0947,P0400,Cardiology,ECG,Referral,General Ward,8,9315.0,3517,23232.0
B0948,P0102,Cardiology,Vaccination,Referral,Semi-Private,5,9268.0,13837,36205.0
B0949,P0364,Cardiology,CT Scan,Emergency,General Ward,3,2785.0,8452,19337.0
B0950,P0489,Pulmonology,MRI Scan,Planned,General Ward,4,726.0,11621,23147.0
B0951,P0290,General Medicine,Consultation,Planned,General Ward,9,2982.0,10618,25400.0
B0952,P0383,Pediatrics,MRI Scan,Planned,General Ward,8,4656.0,4243,24499.0
B0953,P0134,ENT,X-Ray,Emergency,Private,11,6648.0,8880,66228.0
B0954,P0359,Pediatrics,Physiotherapy,Emergency,Semi-Private,2,7356.0,7632,21488.0
B0955,P0488,Pediatrics,X-Ray,Referral,General Ward,2,8772.0,10060,22432.0
B0956,P0241,Pulmonology,CT Scan,Planned,Semi-Private,12,2788.0,5963,43251.0
B0957,P0343,ENT,Minor Surgery,Referral,Private,14,2824.0,7452,85276.0
B0958,P0437,Cardiology,Ultrasound,Emergency,Semi-Private,13,3963.0,12440,50703.0
B0959,P0114,Cardiology,Minor Surgery,Planned,General Ward,3,9345.0,11772,36717.0
B0960,P0149,ENT,MRI Scan,Planned,Semi-Private,15,1333.0,3274,48107.0
B0961,P0355,Cardiology,Minor Surgery,Emergency,Semi-Private,6,651.0,7136,34787.0
B0962,P0239,Cardiology,X-Ray,Planned,Semi-Private,3,8500.0,895,18095.0
B0963,P0413,General Medicine,ECG,Emergency,Private,6,3015.0,13644,44459.0
B0964,P0483,Cardiology,Vaccination,Planned,General Ward,13,3172.0,741,20113.0
B0965,P0002,Pulmonology,Minor Surgery,Emergency,ICU,10,8652.0,772,121424.0
B0966,P0353,Pediatrics,X-Ray,Planned,General Ward,12,7268.0,8279,31147.0
B0967,P0282,Dermatology,X-Ray,Emergency,Private,8,1003.0,5990,44193.0
B0968,P0300,Pediatrics,X-Ray,Planned,Semi-Private,1,8627.0,2140,14467.0
B0969,P0480,Dermatology,Physiotherapy,Emergency,Private,7,6644.0,6536,46180.0
B0970,P0018,Pediatrics,Blood Test,Referral,General Ward,4,2905.0,1298,9703.0
B0971,P0354,Neurology,Blood Test,Emergency,ICU,6,4443.0,4148,69291.0
B0972,P0030,Pediatrics,Physiotherapy,Planned,General Ward,10,3441.0,10584,27525.0
B0973,P0108,Pulmonology,Minor Surgery,Emergency,Semi-Private,9,6346.0,12512,53358.0
B0974,P0023,General Medicine,MRI Scan,Planned,ICU,7,651.0,11532,88183.0
B0975,P0048,General Medicine,Blood Test,Planned,Semi-Private,9,6990.0,4360,34550.0
B0976,P0439,Dermatology,Ultrasound,Planned,Semi-Private,9,5404.0,13827,43531.0
B0977,P0212,ENT,Ultrasound,Planned,General Ward,9,9528.0,11434,33562.0
B0978,P0494,Cardiology,Blood Test,Planned,Semi-Private,9,1795.0,10221,35216.0
B0979,P0127,ENT,Blood Test,Planned,Private,3,9739.0,14206,38145.0
B0980,P0023,Pediatrics,CT Scan,,General Ward,3,3680.0,2080,13860.0
B0981,P0040,Pediatrics,MRI Scan,Referral,ICU,10,638.0,8534,115172.0
B0982,P0064,Dermatology,Physiotherapy,Planned,Semi-Private,10,4076.0,11674,42250.0
B0983,P0072,Dermatology,Physiotherapy,Emergency,General Ward,10,2902.0,7163,23565.0
B0984,P0398,Pediatrics,Minor Surgery,Planned,Semi-Private,12,7294.0,2512,51806.0
B0985,P0380,ENT,Minor Surgery,Emergency,General Ward,12,6915.0,3521,36836.0
B0986,P0471,General Medicine,CT Scan,Referral,General Ward,6,7607.0,1214,20521.0
B0987,P0366,General Medicine,ECG,Planned,General Ward,9,2026.0,8804,22430.0
B0988,P0078,Pediatrics,Consultation,Emergency,Private,9,8287.0,3659,53446.0
B0989,P0002,Cardiology,Blood Test,Planned,General Ward,11,6646.0,1339,21885.0
B0990,P0378,Dermatology,Ultrasound,Referral,Semi-Private,1,5754.0,12606,22660.0
B0991,P0004,ENT,X-Ray,Planned,,8,7081.0,3424,11705.0
B0992,P0216,Cardiology,CT Scan,Emergency,Private,15,1695.0,13593,87288.0
B0993,P0243,Pulmonology,X-Ray,Planned,Semi-Private,3,2404.0,14158,25262.0
B0994,P0356,General Medicine,Ultrasound,Emergency,Private,2,1295.0,13652,25747.0
B0995,P0265,Neurology,CT Scan,Planned,General Ward,4,2195.0,7705,19200.0
B0996,P0016,Pediatrics,Physiotherapy,Planned,Semi-Private,4,4569.0,11058,27127.0
B0997,P0352,ENT,Ultrasound,Emergency,General Ward,6,6277.0,5425,20702.0
B0998,P0160,General Medicine,Physiotherapy,Emergency,Private,8,1360.0,8382,47242.0
B0999,P0027,Pediatrics,Consultation,Emergency,General Ward,11,2773.0,4086,21059.0
B1000,P0015,General Medicine,ECG,Emergency,Semi-Private,15,1779.0,4735,44814.0
